alcohol,fixed acidity,volatile acidity,citric acid,residual sugar,chlorides,free sulfur dioxide,total sulfur dioxide,density,pH,sulphates,quality
568,10.7,9.8,0.5,0.49,2.6,0.25,5.0,20.0,0.999,3.31,0.79,1
896,12.5,8.3,0.31,0.39,2.4,0.078,17.0,43.0,0.99444,3.31,0.77,1
907,11.5,6.1,0.56,0.0,2.2,0.079,6.0,9.0,0.9948,3.59,0.54,1
851,9.5,9.3,0.43,0.44,1.9,0.085,9.0,22.0,0.99708,3.28,0.55,0
305,9.3,10.3,0.53,0.48,2.5,0.063,6.0,25.0,0.9998,3.12,0.59,1
286,10.3,12.0,0.45,0.55,2.0,0.073,25.0,49.0,0.9997,3.1,0.76,1
34,9.2,5.2,0.32,0.25,1.8,0.103,13.0,50.0,0.9957,3.38,0.55,0
1532,9.9,7.2,0.53,0.13,2.0,0.058,18.0,22.0,0.99573,3.21,0.68,1
1336,9.5,6.0,0.5,0.0,1.4,0.057,15.0,26.0,0.99448,3.36,0.45,0
1406,10.9,8.2,0.24,0.34,5.1,0.062,8.0,22.0,0.9974,3.22,0.94,1
25,9.3,6.3,0.39,0.16,1.4,0.08,11.0,23.0,0.9955,3.34,0.56,0
1036,12.5,7.6,0.31,0.34,2.5,0.082,26.0,35.0,0.99356,3.22,0.59,1
301,10.1,11.1,0.18,0.48,1.5,0.068,7.0,15.0,0.9973,3.22,0.64,1
324,9.2,10.0,0.49,0.2,11.0,0.071,13.0,50.0,1.0015,3.16,0.69,1
1301,11.7,6.7,0.86,0.07,2.0,0.1,20.0,57.0,0.99598,3.6,0.74,1
704,9.7,9.1,0.765,0.04,1.6,0.078,4.0,14.0,0.998,3.29,0.54,0
500,9.0,7.8,0.52,0.25,1.9,0.081,14.0,38.0,0.9984,3.43,0.65,1
1026,12.6,7.9,0.31,0.32,1.9,0.066,14.0,36.0,0.99364,3.41,0.56,1
1478,10.2,7.1,0.875,0.05,5.7,0.082,3.0,14.0,0.99808,3.4,0.52,0
1270,14.0,5.0,0.38,0.01,1.6,0.048,26.0,60.0,0.99084,3.7,0.75,1
1193,10.8,6.4,0.885,0.0,2.3,0.166,6.0,12.0,0.99551,3.56,0.51,0
715,9.2,7.2,0.49,0.18,2.7,0.069,13.0,34.0,0.9967,3.29,0.48,1
1200,9.8,7.7,0.57,0.21,1.5,0.069,4.0,9.0,0.99458,3.16,0.54,1
1382,9.9,8.0,0.6,0.22,2.1,0.08,25.0,105.0,0.99613,3.3,0.49,0
1229,9.5,7.6,0.43,0.29,2.1,0.075,19.0,66.0,0.99718,3.4,0.64,0
64,10.9,7.2,0.725,0.05,4.65,0.086,4.0,11.0,0.9962,3.41,0.39,0
274,9.4,7.5,0.65,0.18,7.0,0.088,27.0,94.0,0.99915,3.38,0.77,0
1163,10.0,9.0,0.785,0.24,1.7,0.078,10.0,21.0,0.99692,3.29,0.67,0
711,9.5,8.9,0.565,0.34,3.0,0.093,16.0,112.0,0.9998,3.38,0.61,0
1221,11.5,10.9,0.32,0.52,1.8,0.132,17.0,44.0,0.99734,3.28,0.77,1
1210,10.4,6.8,0.65,0.02,2.1,0.078,8.0,15.0,0.99498,3.35,0.62,1
848,9.8,6.4,0.64,0.21,1.8,0.081,14.0,31.0,0.99689,3.59,0.66,0
1517,10.3,6.5,0.53,0.06,2.0,0.063,29.0,44.0,0.99489,3.38,0.83,1
1543,10.4,11.1,0.44,0.42,2.2,0.064,14.0,19.0,0.99758,3.25,0.57,1
176,9.5,7.3,0.38,0.21,2.0,0.08,7.0,35.0,0.9961,3.33,0.47,0
398,11.0,11.5,0.59,0.59,2.6,0.087,13.0,49.0,0.9988,3.18,0.65,1
667,9.2,11.3,0.34,0.45,2.0,0.082,6.0,15.0,0.9988,2.94,0.66,1
346,12.3,6.6,0.815,0.02,2.7,0.072,17.0,34.0,0.9955,3.58,0.89,1
941,12.5,9.9,0.27,0.49,5.0,0.082,9.0,17.0,0.99484,3.19,0.52,1
782,10.0,9.0,0.82,0.05,2.4,0.081,26.0,96.0,0.99814,3.36,0.53,0
1131,9.5,5.9,0.19,0.21,1.7,0.045,57.0,135.0,0.99341,3.32,0.44,0
1364,11.8,7.2,0.605,0.02,1.9,0.096,10.0,31.0,0.995,3.46,0.53,1
267,12.8,7.9,0.35,0.46,3.6,0.078,15.0,37.0,0.9973,3.35,0.86,1
767,9.5,7.5,0.6,0.32,2.7,0.103,13.0,98.0,0.99938,3.45,0.62,0
89,9.0,7.0,0.62,0.08,1.8,0.076,8.0,24.0,0.9978,3.48,0.53,0
939,11.4,6.2,0.46,0.17,1.6,0.073,7.0,11.0,0.99425,3.61,0.54,0
648,11.2,8.7,0.48,0.3,2.8,0.066,10.0,28.0,0.9964,3.33,0.67,1
1222,9.6,8.1,0.53,0.22,2.2,0.078,33.0,89.0,0.99678,3.26,0.46,1
1013,10.0,7.5,0.71,0.0,1.6,0.092,22.0,31.0,0.99635,3.38,0.58,1
1295,9.5,6.6,0.63,0.0,4.3,0.093,51.0,77.5,0.99558,3.2,0.45,0
1415,9.4,6.2,0.58,0.0,1.6,0.065,8.0,18.0,0.9966,3.56,0.84,0
635,9.7,8.7,0.84,0.0,1.4,0.065,24.0,33.0,0.9954,3.27,0.55,0
595,9.3,8.9,0.595,0.41,7.9,0.086,30.0,109.0,0.9998,3.27,0.57,0
80,9.2,6.2,0.45,0.2,1.6,0.069,3.0,15.0,0.9958,3.41,0.56,0
583,9.9,12.0,0.28,0.49,1.9,0.074,10.0,21.0,0.9976,2.98,0.66,1
165,9.5,7.8,0.63,0.48,1.7,0.1,14.0,96.0,0.9961,3.19,0.62,0
347,12.0,13.8,0.49,0.67,3.0,0.093,6.0,15.0,0.9986,3.02,0.93,1
573,9.6,10.5,0.59,0.49,2.1,0.07,14.0,47.0,0.9991,3.3,0.56,0
112,9.8,8.4,0.6,0.1,2.2,0.085,14.0,111.0,0.9964,3.15,0.66,0
1264,11.8,8.5,0.37,0.32,1.8,0.066,26.0,51.0,0.99456,3.38,0.72,1
1115,11.3,7.0,0.69,0.07,2.5,0.091,15.0,21.0,0.99572,3.38,0.6,1
1519,10.2,6.6,0.7,0.08,2.6,0.106,14.0,27.0,0.99665,3.44,0.58,0
897,10.7,7.1,0.59,0.01,2.3,0.08,27.0,43.0,0.9955,3.42,0.58,1
879,9.5,7.2,0.6,0.04,2.5,0.076,18.0,88.0,0.99745,3.53,0.55,0
237,9.2,7.2,0.645,0.0,1.9,0.097,15.0,39.0,0.99675,3.37,0.58,1
534,10.0,10.0,0.48,0.24,2.7,0.102,13.0,32.0,1.0,3.28,0.56,1
1502,9.8,7.3,0.585,0.18,2.4,0.078,15.0,60.0,0.99638,3.31,0.54,0
1451,11.0,7.8,0.32,0.44,2.7,0.104,8.0,17.0,0.99732,3.33,0.78,1
1020,11.9,11.3,0.36,0.66,2.4,0.123,3.0,8.0,0.99642,3.2,0.53,1
521,9.1,7.6,0.41,0.49,2.0,0.088,16.0,43.0,0.998,3.48,0.64,0
58,10.0,7.8,0.59,0.18,2.3,0.076,17.0,54.0,0.9975,3.43,0.59,0
812,10.8,10.8,0.45,0.33,2.5,0.099,20.0,38.0,0.99818,3.24,0.71,0
1,9.8,7.8,0.88,0.0,2.6,0.098,25.0,67.0,0.9968,3.2,0.68,0
1236,9.4,7.8,0.55,0.0,1.7,0.07,7.0,17.0,0.99659,3.26,0.64,1
1216,9.5,7.9,0.57,0.31,2.0,0.079,10.0,79.0,0.99677,3.29,0.69,1
937,10.4,12.0,0.63,0.5,1.4,0.071,6.0,26.0,0.99791,3.07,0.6,0
1403,10.0,7.2,0.33,0.33,1.7,0.061,3.0,13.0,0.996,3.23,1.1,1
1191,10.8,6.5,0.885,0.0,2.3,0.166,6.0,12.0,0.99551,3.56,0.51,0
932,9.5,7.6,0.4,0.29,1.9,0.078,29.0,66.0,0.9971,3.45,0.59,1
835,9.3,7.6,0.665,0.1,1.5,0.066,27.0,55.0,0.99655,3.39,0.51,0
832,9.9,10.4,0.44,0.42,1.5,0.145,34.0,48.0,0.99832,3.38,0.86,0
644,9.4,9.9,0.54,0.45,2.3,0.071,16.0,40.0,0.9991,3.39,0.62,0
1312,10.5,8.0,1.18,0.21,1.9,0.083,14.0,41.0,0.99532,3.34,0.47,0
1474,8.8,9.9,0.5,0.5,13.8,0.205,48.0,82.0,1.00242,3.16,0.75,0
753,9.5,8.3,0.65,0.1,2.9,0.089,17.0,40.0,0.99803,3.29,0.55,0
155,10.5,7.1,0.43,0.42,5.5,0.071,28.0,128.0,0.9973,3.42,0.71,0
1310,9.8,7.5,0.61,0.26,1.9,0.073,24.0,88.0,0.99612,3.3,0.53,0
354,11.9,6.1,0.21,0.4,1.4,0.066,40.5,165.0,0.9912,3.25,0.59,1
463,9.0,8.1,0.66,0.7,2.2,0.098,25.0,129.0,0.9972,3.08,0.53,0
575,10.2,12.3,0.27,0.49,3.1,0.079,28.0,46.0,0.9993,3.2,0.8,1
690,10.7,7.4,1.185,0.0,4.25,0.097,5.0,14.0,0.9966,3.63,0.54,0
994,9.4,10.0,0.35,0.45,2.5,0.092,20.0,88.0,0.99918,3.15,0.43,0
1101,12.0,7.4,0.49,0.27,2.1,0.071,14.0,25.0,0.99388,3.35,0.63,1
807,12.8,8.2,0.28,0.4,2.4,0.052,4.0,10.0,0.99356,3.33,0.7,1
439,9.3,7.0,0.62,0.18,1.5,0.062,7.0,50.0,0.9951,3.08,0.6,0
1317,11.9,9.9,0.44,0.46,2.2,0.091,10.0,41.0,0.99638,3.18,0.69,1
1113,9.5,8.9,0.24,0.39,1.6,0.074,3.0,10.0,0.99698,3.12,0.59,1
16,10.5,8.5,0.28,0.56,1.8,0.092,35.0,103.0,0.9969,3.3,0.75,1
808,9.2,7.4,0.53,0.12,1.9,0.165,4.0,12.0,0.99702,3.26,0.86,0
171,9.2,8.0,0.42,0.17,2.0,0.073,6.0,18.0,0.9972,3.29,0.61,1
341,11.3,10.6,0.42,0.48,2.7,0.065,5.0,18.0,0.9972,3.21,0.87,1
699,10.8,11.8,0.38,0.55,2.1,0.071,5.0,19.0,0.9986,3.11,0.62,1
1552,11.3,6.3,0.68,0.01,3.7,0.103,32.0,54.0,0.99586,3.51,0.66,1
73,9.2,8.3,0.675,0.26,2.1,0.084,11.0,43.0,0.9976,3.31,0.53,0
986,11.4,9.8,0.34,0.39,1.4,0.066,3.0,7.0,0.9947,3.19,0.55,1
680,9.0,13.3,0.43,0.58,1.9,0.07,15.0,40.0,1.0004,3.06,0.49,0
829,11.1,5.9,0.61,0.08,2.1,0.071,16.0,24.0,0.99376,3.56,0.77,1
512,9.7,10.7,0.4,0.48,2.1,0.125,15.0,49.0,0.998,3.03,0.81,1
1338,9.5,6.0,0.5,0.0,1.4,0.057,15.0,26.0,0.99448,3.36,0.45,0
502,12.0,10.4,0.44,0.73,6.55,0.074,38.0,76.0,0.999,3.17,0.85,1
1577,11.9,6.2,0.7,0.15,5.1,0.076,13.0,27.0,0.99622,3.54,0.6,1
431,9.2,7.8,0.55,0.35,2.2,0.074,21.0,66.0,0.9974,3.25,0.56,0
1266,10.3,7.2,0.57,0.05,2.3,0.081,16.0,36.0,0.99564,3.38,0.6,1
311,9.4,7.9,0.53,0.24,2.0,0.072,15.0,105.0,0.996,3.27,0.54,1
799,10.7,9.4,0.5,0.34,3.6,0.082,5.0,14.0,0.9987,3.29,0.52,1
1440,11.3,7.2,0.37,0.32,2.0,0.062,15.0,28.0,0.9947,3.23,0.73,1
656,9.6,10.7,0.43,0.39,2.2,0.106,8.0,32.0,0.9986,2.89,0.5,0
82,9.1,7.4,0.5,0.47,2.0,0.086,21.0,73.0,0.997,3.36,0.57,0
1259,11.3,6.8,0.64,0.0,2.7,0.123,15.0,33.0,0.99538,3.44,0.63,1
629,9.3,7.6,0.685,0.23,2.3,0.111,20.0,84.0,0.9964,3.21,0.61,0
196,10.2,7.3,0.58,0.3,2.4,0.074,15.0,55.0,0.9968,3.46,0.59,0
768,9.7,7.1,0.59,0.02,2.3,0.082,24.0,94.0,0.99744,3.55,0.53,1
181,9.3,8.9,0.61,0.49,2.0,0.27,23.0,110.0,0.9972,3.12,1.02,0
1360,10.9,9.2,0.54,0.31,2.3,0.112,11.0,38.0,0.99699,3.24,0.56,0
427,10.6,9.5,0.78,0.22,1.9,0.077,6.0,32.0,0.9988,3.26,0.56,1
1232,9.5,7.6,0.43,0.29,2.1,0.075,19.0,66.0,0.99718,3.4,0.64,0
617,9.8,11.5,0.31,0.51,2.2,0.079,14.0,28.0,0.9982,3.03,0.93,1
12,9.9,5.6,0.615,0.0,1.6,0.089,16.0,59.0,0.9943,3.58,0.52,0
727,9.5,6.4,0.57,0.02,1.8,0.067,4.0,11.0,0.997,3.46,0.68,0
353,13.0,13.5,0.53,0.79,4.8,0.12,23.0,77.0,1.0018,3.18,0.77,0
673,9.5,8.2,0.73,0.21,1.7,0.074,5.0,13.0,0.9968,3.2,0.52,0
443,11.6,10.0,0.44,0.49,2.7,0.077,11.0,19.0,0.9963,3.23,0.63,1
958,11.3,6.4,0.57,0.12,2.3,0.12,25.0,36.0,0.99519,3.47,0.71,1
477,11.0,10.4,0.24,0.49,1.8,0.075,6.0,20.0,0.9977,3.18,1.06,1
1370,9.2,8.7,0.78,0.51,1.7,0.415,12.0,66.0,0.99623,3.0,1.17,0
1446,9.8,6.9,0.63,0.02,1.9,0.078,18.0,30.0,0.99712,3.4,0.75,0
117,9.4,7.8,0.56,0.12,2.0,0.082,7.0,28.0,0.997,3.37,0.5,1
70,9.5,7.7,0.63,0.08,1.9,0.076,15.0,27.0,0.9967,3.32,0.54,1
806,12.5,8.4,0.25,0.39,2.0,0.041,4.0,10.0,0.99386,3.27,0.71,1
1281,10.4,7.1,0.46,0.2,1.9,0.077,28.0,54.0,0.9956,3.37,0.64,1
281,9.9,7.7,0.27,0.68,3.5,0.358,5.0,10.0,0.9972,3.25,1.08,1
423,11.0,10.5,0.24,0.47,2.1,0.066,6.0,24.0,0.9978,3.15,0.9,1
1183,9.3,6.8,0.66,0.07,1.6,0.07,16.0,61.0,0.99572,3.29,0.6,0
436,10.2,8.0,0.67,0.3,2.0,0.06,38.0,62.0,0.9958,3.26,0.56,1
93,9.6,7.7,0.49,0.26,1.9,0.062,9.0,31.0,0.9966,3.39,0.64,0
1077,11.0,8.6,0.37,0.65,6.4,0.08,3.0,8.0,0.99817,3.27,0.58,0
499,11.6,8.7,0.69,0.31,3.0,0.086,23.0,81.0,1.0002,3.48,0.74,1
1411,10.6,6.4,0.47,0.4,2.4,0.071,8.0,19.0,0.9963,3.56,0.73,1
781,9.8,6.5,0.46,0.14,2.4,0.114,9.0,37.0,0.99732,3.66,0.65,0
982,12.9,7.3,0.52,0.32,2.1,0.07,51.0,70.0,0.99418,3.34,0.82,1
1177,12.7,7.1,0.66,0.0,2.4,0.052,6.0,11.0,0.99318,3.35,0.66,1
733,9.5,7.0,0.45,0.34,2.7,0.082,16.0,72.0,0.998,3.55,0.6,0
180,9.5,8.8,0.61,0.14,2.4,0.067,10.0,42.0,0.9969,3.19,0.59,0
831,11.1,5.9,0.61,0.08,2.1,0.071,16.0,24.0,0.99376,3.56,0.77,1
760,9.7,9.0,0.58,0.25,2.8,0.075,9.0,104.0,0.99779,3.23,0.57,0
546,9.5,7.5,0.55,0.24,2.0,0.078,10.0,28.0,0.9983,3.45,0.78,1
1371,11.6,7.5,0.58,0.56,3.1,0.153,5.0,14.0,0.99476,3.21,1.03,1
1091,11.4,7.9,0.34,0.42,2.0,0.086,8.0,19.0,0.99546,3.35,0.6,1
942,10.0,10.1,0.43,0.4,2.6,0.092,13.0,52.0,0.99834,3.22,0.64,1
694,9.4,9.0,0.47,0.31,2.7,0.084,24.0,125.0,0.9984,3.31,0.61,0
706,10.0,7.0,0.78,0.08,2.0,0.093,10.0,19.0,0.9956,3.4,0.47,0
612,10.0,7.5,0.64,0.0,2.4,0.077,18.0,29.0,0.9965,3.32,0.6,1
868,11.2,6.8,0.56,0.22,1.8,0.074,15.0,24.0,0.99438,3.4,0.82,1
1012,10.0,7.7,1.005,0.15,2.1,0.102,11.0,32.0,0.99604,3.23,0.48,0
1598,11.0,6.0,0.31,0.47,3.6,0.067,18.0,42.0,0.99549,3.39,0.66,1
874,11.8,10.4,0.38,0.46,2.1,0.104,6.0,10.0,0.99664,3.12,0.65,1
1048,10.9,9.3,0.49,0.36,1.7,0.081,3.0,14.0,0.99702,3.27,0.78,1
491,13.3,9.2,0.41,0.5,2.5,0.055,12.0,25.0,0.9952,3.34,0.79,1
552,10.0,9.5,0.46,0.24,2.7,0.092,14.0,44.0,0.998,3.12,0.74,1
1490,12.4,7.1,0.22,0.49,1.8,0.039,8.0,18.0,0.99344,3.39,0.56,1
1158,10.6,6.7,0.41,0.43,2.8,0.076,22.0,54.0,0.99572,3.42,1.16,1
1565,10.9,6.7,0.67,0.02,1.9,0.061,26.0,42.0,0.99489,3.39,0.82,1
708,11.6,7.8,0.545,0.12,2.5,0.068,11.0,35.0,0.996,3.34,0.61,1
1314,10.1,7.0,0.36,0.21,2.4,0.086,24.0,69.0,0.99556,3.4,0.53,1
1392,9.8,7.1,0.62,0.06,1.3,0.07,5.0,12.0,0.9942,3.17,0.48,0
1402,11.9,7.6,0.3,0.42,2.0,0.052,6.0,24.0,0.9963,3.44,0.82,1
1125,11.3,8.8,0.24,0.35,1.7,0.055,13.0,27.0,0.99394,3.14,0.59,1
1143,10.0,7.0,0.22,0.3,1.8,0.065,16.0,20.0,0.99672,3.61,0.82,1
1390,12.5,6.0,0.49,0.0,2.3,0.068,15.0,33.0,0.99292,3.58,0.59,1
966,11.9,9.0,0.38,0.41,2.4,0.103,6.0,10.0,0.99604,3.13,0.58,1
239,9.0,8.2,1.0,0.09,2.3,0.065,7.0,37.0,0.99685,3.32,0.55,1
1067,10.9,11.1,0.31,0.53,2.2,0.06,3.0,10.0,0.99572,3.02,0.83,1
18,9.0,7.4,0.59,0.08,4.4,0.086,6.0,29.0,0.9974,3.38,0.5,0
1249,10.9,7.1,0.6,0.01,2.3,0.079,24.0,37.0,0.99514,3.4,0.61,1
1466,10.0,7.3,0.48,0.32,2.1,0.062,31.0,54.0,0.99728,3.3,0.65,1
684,9.4,9.8,0.98,0.32,2.3,0.078,35.0,152.0,0.998,3.25,0.48,0
1287,13.0,8.0,0.6,0.08,2.6,0.056,3.0,7.0,0.99286,3.22,0.37,0
187,9.7,7.7,0.705,0.1,2.6,0.084,9.0,26.0,0.9976,3.39,0.49,0
1206,11.0,7.2,0.36,0.46,2.1,0.074,24.0,44.0,0.99534,3.4,0.85,1
705,9.9,8.4,1.035,0.15,6.0,0.073,11.0,54.0,0.999,3.37,0.49,0
663,10.2,10.1,0.28,0.46,1.8,0.05,5.0,13.0,0.9974,3.04,0.79,1
976,9.4,7.2,0.41,0.3,2.1,0.083,35.0,72.0,0.997,3.44,0.52,0
158,9.3,7.1,0.68,0.0,2.2,0.073,12.0,22.0,0.9969,3.48,0.5,0
1087,11.2,7.9,0.19,0.42,1.6,0.057,18.0,30.0,0.994,3.29,0.69,1
1455,10.9,6.5,0.9,0.0,1.6,0.052,9.0,17.0,0.99467,3.5,0.63,1
159,9.3,6.8,0.6,0.18,1.9,0.079,18.0,86.0,0.9968,3.59,0.57,1
1031,11.0,7.3,0.55,0.01,1.8,0.093,9.0,15.0,0.99514,3.35,0.58,1
1461,10.0,6.2,0.785,0.0,2.1,0.06,6.0,13.0,0.99664,3.59,0.61,0
1507,11.4,7.5,0.38,0.57,2.3,0.106,5.0,12.0,0.99605,3.36,0.55,1
175,9.5,6.9,0.5,0.04,1.5,0.085,19.0,49.0,0.9958,3.35,0.78,0
52,9.4,6.6,0.5,0.04,2.1,0.068,6.0,14.0,0.9955,3.39,0.64,1
1342,10.4,7.6,0.54,0.02,1.7,0.085,17.0,31.0,0.99589,3.37,0.51,1
1144,10.1,7.3,0.32,0.23,2.3,0.066,35.0,70.0,0.99588,3.43,0.62,0
1022,10.5,7.0,0.51,0.09,2.1,0.062,4.0,9.0,0.99584,3.35,0.54,0
1215,11.3,8.8,0.27,0.46,2.1,0.095,20.0,29.0,0.99488,3.26,0.56,1
676,9.3,10.8,0.4,0.41,2.2,0.084,7.0,17.0,0.9984,3.08,0.67,1
412,9.3,7.1,0.735,0.16,1.9,0.1,15.0,77.0,0.9966,3.27,0.64,0
361,9.9,8.6,0.45,0.31,2.6,0.086,21.0,50.0,0.9982,3.37,0.91,1
323,9.5,10.3,0.59,0.42,2.8,0.09,35.0,73.0,0.999,3.28,0.7,1
1132,13.6,7.4,0.36,0.34,1.8,0.075,18.0,38.0,0.9933,3.38,0.88,1
455,13.4,11.3,0.62,0.67,5.2,0.086,6.0,19.0,0.9988,3.22,0.69,1
1174,9.5,7.6,0.36,0.31,1.7,0.079,26.0,65.0,0.99716,3.46,0.62,1
299,9.6,6.9,0.67,0.06,2.1,0.08,8.0,33.0,0.99845,3.68,0.71,0
1324,10.6,6.7,0.46,0.24,1.7,0.077,18.0,34.0,0.9948,3.39,0.6,1
199,11.4,6.9,1.09,0.06,2.1,0.061,12.0,31.0,0.9948,3.51,0.43,0
246,9.5,7.1,0.68,0.07,1.9,0.075,16.0,51.0,0.99685,3.38,0.52,0
1450,11.3,7.2,0.37,0.32,2.0,0.062,15.0,28.0,0.9947,3.23,0.73,1
329,9.5,10.7,0.46,0.39,2.0,0.061,7.0,15.0,0.9981,3.18,0.62,0
1034,9.7,8.9,0.745,0.18,2.5,0.077,15.0,48.0,0.99739,3.2,0.47,1
1449,11.3,7.2,0.38,0.31,2.0,0.056,15.0,29.0,0.99472,3.23,0.76,1
1238,9.6,8.1,0.73,0.0,2.5,0.081,12.0,24.0,0.99798,3.38,0.46,0
445,10.1,9.5,0.735,0.1,2.1,0.079,6.0,31.0,0.9986,3.23,0.56,1
326,11.5,11.6,0.53,0.66,3.65,0.121,6.0,14.0,0.9978,3.05,0.74,1
452,10.0,6.8,0.56,0.03,1.7,0.084,18.0,35.0,0.9968,3.44,0.63,1
202,9.5,6.8,0.5,0.11,1.5,0.075,16.0,49.0,0.99545,3.36,0.79,0
1484,10.9,6.8,0.91,0.06,2.0,0.06,4.0,11.0,0.99592,3.53,0.64,0
157,10.5,7.1,0.43,0.42,5.5,0.071,28.0,128.0,0.9973,3.42,0.71,0
572,10.4,10.2,0.24,0.49,2.4,0.075,10.0,28.0,0.9978,3.14,0.61,0
752,9.4,7.6,0.54,0.13,2.5,0.097,24.0,66.0,0.99785,3.39,0.61,0
1401,9.9,7.9,0.69,0.21,2.1,0.08,33.0,141.0,0.9962,3.25,0.51,0
675,10.2,9.3,0.41,0.39,2.2,0.064,12.0,31.0,0.9984,3.26,0.65,0
1166,10.2,9.9,0.54,0.26,2.0,0.111,7.0,60.0,0.99709,2.94,0.98,0
454,11.1,7.0,0.23,0.4,1.6,0.063,21.0,67.0,0.9952,3.5,0.63,0
909,11.5,7.3,0.305,0.39,1.2,0.059,7.0,11.0,0.99331,3.29,0.52,1
1246,10.0,7.4,0.74,0.07,1.7,0.086,15.0,48.0,0.99502,3.12,0.48,0
1305,9.8,7.5,0.61,0.26,1.9,0.073,24.0,88.0,0.99612,3.3,0.53,0
1071,9.2,7.5,0.77,0.2,8.1,0.098,30.0,92.0,0.99892,3.2,0.58,0
927,9.2,8.4,0.67,0.19,2.2,0.093,11.0,75.0,0.99736,3.2,0.59,0
275,10.7,7.9,0.545,0.06,4.0,0.087,27.0,61.0,0.9965,3.36,0.67,1
810,10.5,7.3,0.49,0.1,2.6,0.068,4.0,14.0,0.99562,3.3,0.47,0
1293,9.7,7.5,0.755,0.0,1.9,0.084,6.0,12.0,0.99672,3.34,0.49,0
1057,9.1,7.6,0.42,0.25,3.9,0.104,28.0,90.0,0.99784,3.15,0.57,0
266,9.8,8.1,0.87,0.0,3.3,0.096,26.0,61.0,1.00025,3.6,0.72,0
195,9.4,7.8,0.59,0.33,2.0,0.074,24.0,120.0,0.9968,3.25,0.54,0
456,10.3,8.9,0.59,0.39,2.3,0.095,5.0,22.0,0.9986,3.37,0.58,0
1540,11.6,6.2,0.52,0.08,4.4,0.071,11.0,32.0,0.99646,3.56,0.63,1
391,10.0,13.7,0.415,0.68,2.9,0.085,17.0,43.0,1.0014,3.06,0.8,1
1224,10.3,12.6,0.39,0.49,2.5,0.08,8.0,20.0,0.9992,3.07,0.82,1
123,9.5,8.0,0.71,0.0,2.6,0.08,11.0,34.0,0.9976,3.44,0.53,0
1155,9.8,8.3,0.6,0.25,2.2,0.118,9.0,38.0,0.99616,3.15,0.53,0
409,9.6,12.5,0.46,0.49,4.5,0.07,26.0,49.0,0.9981,3.05,0.57,0
759,9.2,8.8,0.42,0.21,2.5,0.092,33.0,88.0,0.99823,3.19,0.52,0
873,11.1,9.1,0.21,0.37,1.6,0.067,6.0,10.0,0.99552,3.23,0.58,1
1329,9.8,7.4,0.6,0.26,2.1,0.083,17.0,91.0,0.99616,3.29,0.56,1
401,10.8,7.7,0.26,0.3,1.7,0.059,20.0,38.0,0.9949,3.29,0.47,1
1212,10.4,6.8,0.65,0.02,2.1,0.078,8.0,15.0,0.99498,3.35,0.62,1
608,10.4,10.1,0.65,0.37,5.1,0.11,11.0,65.0,1.0026,3.32,0.64,1
1333,9.6,9.1,0.775,0.22,2.2,0.079,12.0,48.0,0.9976,3.18,0.51,0
992,9.4,6.5,0.4,0.1,2.0,0.076,30.0,47.0,0.99554,3.36,0.48,1
1309,9.2,7.0,0.62,0.1,1.4,0.071,27.0,63.0,0.996,3.28,0.61,0
81,9.4,7.8,0.43,0.7,1.9,0.464,22.0,67.0,0.9974,3.13,1.28,0
313,9.4,8.6,0.47,0.3,3.0,0.076,30.0,135.0,0.9976,3.3,0.53,0
815,10.8,10.8,0.45,0.33,2.5,0.099,20.0,38.0,0.99818,3.24,0.71,0
855,11.7,7.6,0.735,0.02,2.5,0.071,10.0,14.0,0.99538,3.51,0.71,1
508,10.2,10.0,0.59,0.31,2.2,0.09,26.0,62.0,0.9994,3.18,0.63,1
38,9.8,5.7,1.13,0.09,1.5,0.172,7.0,19.0,0.994,3.5,0.48,0
1344,11.0,11.5,0.42,0.48,2.6,0.077,8.0,20.0,0.99852,3.09,0.53,0
104,9.4,7.2,0.49,0.24,2.2,0.07,5.0,36.0,0.996,3.33,0.48,0
1280,10.4,7.1,0.46,0.2,1.9,0.077,28.0,54.0,0.9956,3.37,0.64,1
10,9.2,6.7,0.58,0.08,1.8,0.097,15.0,65.0,0.9959,3.28,0.54,0
1278,9.5,8.0,0.715,0.22,2.3,0.075,13.0,81.0,0.99688,3.24,0.54,1
1243,9.5,8.3,0.56,0.22,2.4,0.082,10.0,86.0,0.9983,3.37,0.62,0
1389,9.7,6.7,0.48,0.02,2.2,0.08,36.0,111.0,0.99524,3.1,0.53,0
834,9.4,8.8,0.685,0.26,1.6,0.088,16.0,23.0,0.99694,3.32,0.47,0
1256,9.2,7.5,0.59,0.22,1.8,0.082,43.0,60.0,0.99499,3.1,0.42,0
971,10.9,10.4,0.26,0.48,1.9,0.066,6.0,10.0,0.99724,3.33,0.87,1
197,10.1,11.5,0.3,0.6,2.0,0.067,12.0,27.0,0.9981,3.11,0.97,1
151,9.4,9.2,0.52,1.0,3.4,0.61,32.0,69.0,0.9996,2.74,2.0,0
139,9.5,7.8,0.56,0.19,2.0,0.081,17.0,108.0,0.9962,3.32,0.54,0
1110,10.0,8.3,0.53,0.0,1.4,0.07,6.0,14.0,0.99593,3.25,0.64,1
796,9.6,8.7,0.46,0.31,2.5,0.126,24.0,64.0,0.99746,3.1,0.74,0
74,9.6,9.7,0.32,0.54,2.5,0.094,28.0,83.0,0.9984,3.28,0.82,0
446,10.5,12.5,0.38,0.6,2.6,0.081,31.0,72.0,0.9996,3.1,0.73,0
541,11.0,9.5,0.46,0.49,6.3,0.064,5.0,17.0,0.9988,3.21,0.73,1
397,11.0,11.5,0.59,0.59,2.6,0.087,13.0,49.0,0.9988,3.18,0.65,1
816,10.5,9.8,0.51,0.19,3.2,0.081,8.0,30.0,0.9984,3.23,0.58,1
869,10.9,7.6,0.63,0.03,2.0,0.08,27.0,43.0,0.99578,3.44,0.64,1
1265,10.3,7.2,0.57,0.05,2.3,0.081,16.0,36.0,0.99564,3.38,0.6,1
1007,11.7,9.1,0.3,0.34,2.0,0.064,12.0,25.0,0.99516,3.26,0.84,1
143,9.4,6.3,0.39,0.08,1.7,0.066,3.0,20.0,0.9954,3.34,0.58,0
1122,12.3,6.3,0.47,0.0,1.4,0.055,27.0,33.0,0.9922,3.45,0.48,1
1347,9.5,7.2,0.655,0.03,1.8,0.078,7.0,12.0,0.99587,3.34,0.39,0
528,8.7,8.2,0.42,0.49,2.6,0.084,32.0,55.0,0.9988,3.34,0.75,1
366,10.0,12.8,0.615,0.66,5.8,0.083,7.0,42.0,1.0022,3.07,0.73,1
9,10.5,7.5,0.5,0.36,6.1,0.071,17.0,102.0,0.9978,3.35,0.8,0
1587,10.9,5.8,0.61,0.11,1.8,0.066,18.0,28.0,0.99483,3.55,0.66,1
1241,9.8,9.8,0.37,0.39,2.5,0.079,28.0,65.0,0.99729,3.16,0.59,0
252,10.5,11.1,0.35,0.48,3.1,0.09,5.0,21.0,0.9986,3.17,0.53,0
414,9.5,8.8,0.52,0.34,2.7,0.087,24.0,122.0,0.9982,3.26,0.61,0
758,9.8,8.1,0.87,0.0,2.2,0.084,10.0,31.0,0.99656,3.25,0.5,0
91,9.9,8.6,0.49,0.28,1.9,0.11,20.0,136.0,0.9972,2.93,1.95,1
51,9.4,6.6,0.52,0.04,2.2,0.069,8.0,15.0,0.9956,3.4,0.63,1
282,9.1,7.6,0.52,0.12,3.0,0.067,12.0,53.0,0.9971,3.36,0.57,0
98,9.8,7.6,0.9,0.06,2.5,0.079,5.0,10.0,0.9967,3.39,0.56,0
744,9.5,11.1,0.39,0.54,2.7,0.095,21.0,101.0,1.0001,3.13,0.51,0
998,9.1,8.9,0.84,0.34,1.4,0.05,4.0,10.0,0.99554,3.12,0.48,1
1589,9.2,6.6,0.725,0.2,7.8,0.073,29.0,79.0,0.9977,3.29,0.54,0
1029,10.5,7.7,0.58,0.01,1.8,0.088,12.0,18.0,0.99568,3.32,0.56,1
1319,9.1,9.1,0.76,0.68,1.7,0.414,18.0,64.0,0.99652,2.9,1.33,1
1062,11.4,8.0,0.38,0.44,1.9,0.098,6.0,15.0,0.9956,3.3,0.64,1
748,9.6,7.2,0.5,0.18,2.1,0.071,12.0,31.0,0.99761,3.52,0.72,1
1033,10.4,7.5,0.57,0.08,2.6,0.089,14.0,27.0,0.99592,3.3,0.59,1
910,13.2,9.3,0.38,0.48,3.8,0.132,3.0,11.0,0.99577,3.23,0.57,1
166,10.2,6.8,0.64,0.1,2.1,0.085,18.0,101.0,0.9956,3.34,0.52,0
129,9.4,6.1,0.38,0.15,1.8,0.072,6.0,19.0,0.9955,3.42,0.57,0
20,9.4,8.9,0.22,0.48,1.8,0.077,29.0,60.0,0.9968,3.39,0.53,1
422,10.9,7.7,0.96,0.2,2.0,0.047,15.0,60.0,0.9955,3.36,0.44,0
497,11.1,7.2,0.34,0.32,2.5,0.09,43.0,113.0,0.9966,3.32,0.79,0
571,11.7,6.2,0.36,0.24,2.2,0.095,19.0,42.0,0.9946,3.57,0.57,1
908,10.8,7.4,0.52,0.13,2.4,0.078,34.0,61.0,0.99528,3.43,0.59,1
1002,11.7,9.1,0.29,0.33,2.05,0.063,13.0,27.0,0.99516,3.26,0.84,1
466,11.5,10.3,0.5,0.42,2.0,0.069,21.0,51.0,0.9982,3.16,0.72,1
801,10.0,8.6,0.55,0.09,3.3,0.068,8.0,17.0,0.99735,3.23,0.44,0
1247,10.5,7.4,0.55,0.19,1.8,0.082,15.0,34.0,0.99655,3.49,0.68,0
964,11.1,8.5,0.47,0.27,1.9,0.058,18.0,38.0,0.99518,3.16,0.85,1
203,9.2,7.0,0.42,0.35,1.6,0.088,16.0,39.0,0.9961,3.34,0.55,0
1030,11.5,7.1,0.59,0.0,2.1,0.091,9.0,14.0,0.99488,3.42,0.55,1
535,10.3,9.1,0.22,0.24,2.1,0.078,1.0,28.0,0.999,3.41,0.87,1
547,10.7,10.6,0.31,0.49,2.5,0.067,6.0,21.0,0.9987,3.26,0.86,1
1477,13.6,5.3,0.47,0.11,2.2,0.048,16.0,89.0,0.99182,3.54,0.88,1
291,10.5,11.0,0.2,0.48,2.0,0.343,6.0,18.0,0.9979,3.3,0.71,0
1512,10.4,6.4,0.79,0.04,2.2,0.061,11.0,17.0,0.99588,3.53,0.65,1
1546,10.2,7.0,0.57,0.02,2.0,0.072,17.0,26.0,0.99575,3.36,0.61,0
856,10.9,9.3,0.36,0.39,1.5,0.08,41.0,55.0,0.99652,3.47,0.73,1
862,10.4,7.5,0.42,0.32,2.7,0.067,7.0,25.0,0.99628,3.24,0.44,0
683,11.3,8.1,0.78,0.23,2.6,0.059,5.0,15.0,0.997,3.37,0.56,0
1185,11.9,7.0,0.43,0.3,2.0,0.085,6.0,39.0,0.99346,3.33,0.46,1
609,12.7,6.3,0.36,0.19,3.2,0.075,15.0,39.0,0.9956,3.56,0.52,1
1085,9.6,6.8,0.48,0.08,1.8,0.074,40.0,64.0,0.99529,3.12,0.49,0
632,10.5,7.6,0.41,0.14,3.0,0.087,21.0,43.0,0.9964,3.32,0.57,1
373,9.2,7.4,0.55,0.22,2.2,0.106,12.0,72.0,0.9959,3.05,0.63,0
1006,11.7,9.1,0.29,0.33,2.05,0.063,13.0,27.0,0.99516,3.26,0.84,1
316,10.1,9.6,0.56,0.23,3.4,0.102,37.0,92.0,0.9996,3.3,0.65,0
1187,11.9,7.0,0.43,0.3,2.0,0.085,6.0,39.0,0.99346,3.33,0.46,1
560,11.4,12.7,0.6,0.49,2.8,0.075,5.0,19.0,0.9994,3.14,0.57,0
149,10.5,8.2,0.4,0.44,2.8,0.089,11.0,43.0,0.9975,3.53,0.61,1
638,10.2,7.7,0.915,0.12,2.2,0.143,7.0,23.0,0.9964,3.35,0.65,1
1260,9.3,8.6,0.635,0.68,1.8,0.403,19.0,56.0,0.99632,3.02,1.15,0
905,9.5,9.2,0.58,0.2,3.0,0.081,15.0,115.0,0.998,3.23,0.59,0
672,9.5,9.8,1.24,0.34,2.0,0.079,32.0,151.0,0.998,3.15,0.53,0
396,9.9,6.6,0.735,0.02,7.9,0.122,68.0,124.0,0.9994,3.47,0.53,0
130,9.4,8.0,0.745,0.56,2.0,0.118,30.0,134.0,0.9968,3.24,0.66,0
1559,9.9,7.8,0.6,0.26,2.0,0.08,31.0,131.0,0.99622,3.21,0.52,0
540,9.6,9.2,0.59,0.24,3.3,0.101,20.0,47.0,0.9988,3.26,0.67,0
555,11.1,15.5,0.645,0.49,4.2,0.095,10.0,23.0,1.00315,2.92,0.74,0
374,10.8,14.0,0.41,0.63,3.8,0.089,6.0,47.0,1.0014,3.01,0.81,1
722,10.0,7.6,0.42,0.08,2.7,0.084,15.0,48.0,0.9968,3.21,0.59,0
756,11.2,6.3,0.98,0.01,2.0,0.057,15.0,33.0,0.99488,3.6,0.46,1
805,12.8,8.2,0.28,0.4,2.4,0.052,4.0,10.0,0.99356,3.33,0.7,1
1397,9.9,7.3,0.59,0.26,2.0,0.08,17.0,104.0,0.99584,3.28,0.52,0
1302,11.2,9.1,0.37,0.32,2.1,0.064,4.0,15.0,0.99576,3.3,0.8,1
1226,9.2,7.5,0.58,0.03,4.1,0.08,27.0,46.0,0.99592,3.02,0.47,0
428,9.3,9.1,0.52,0.33,1.3,0.07,9.0,30.0,0.9978,3.24,0.6,0
660,9.6,7.2,0.52,0.07,1.4,0.074,5.0,20.0,0.9973,3.32,0.81,1
1578,11.3,6.8,0.67,0.15,1.8,0.118,13.0,20.0,0.9954,3.42,0.67,1
49,9.2,5.6,0.31,0.37,1.4,0.074,12.0,96.0,0.9954,3.32,0.58,0
23,9.4,8.5,0.49,0.11,2.3,0.084,9.0,67.0,0.9968,3.17,0.53,0
22,9.5,7.9,0.43,0.21,1.6,0.106,10.0,37.0,0.9966,3.17,0.91,0
584,10.7,11.8,0.33,0.49,3.4,0.093,54.0,80.0,1.0002,3.3,0.76,1
1300,12.5,5.2,0.645,0.0,2.15,0.08,15.0,28.0,0.99444,3.78,0.61,1
447,11.2,9.3,0.48,0.29,2.1,0.127,6.0,16.0,0.9968,3.22,0.72,0
307,9.5,10.3,0.41,0.42,2.4,0.213,6.0,14.0,0.9994,3.19,0.62,1
1331,9.2,7.8,0.87,0.26,3.8,0.107,31.0,67.0,0.99668,3.26,0.46,0
1468,10.0,7.3,0.48,0.32,2.1,0.062,31.0,54.0,0.99728,3.3,0.65,1
1410,11.9,6.6,0.96,0.0,1.8,0.082,5.0,16.0,0.9936,3.5,0.44,1
434,9.9,10.4,0.41,0.55,3.2,0.076,22.0,54.0,0.9996,3.15,0.89,1
616,9.7,9.6,0.6,0.5,2.3,0.079,28.0,71.0,0.9997,3.5,0.57,0
1413,10.1,9.9,0.57,0.25,2.0,0.104,12.0,89.0,0.9963,3.04,0.9,0
28,9.4,7.1,0.71,0.0,1.9,0.08,14.0,35.0,0.9972,3.47,0.55,0
403,10.5,11.4,0.6,0.49,2.7,0.085,10.0,41.0,0.9994,3.15,0.63,1
1227,9.6,9.0,0.58,0.25,2.0,0.104,8.0,21.0,0.99769,3.27,0.72,0
677,9.9,8.6,0.8,0.11,2.3,0.084,12.0,31.0,0.9979,3.4,0.48,0
1108,9.5,8.1,0.78,0.1,3.3,0.09,4.0,13.0,0.99855,3.36,0.49,0
754,9.1,7.8,0.48,0.68,1.7,0.415,14.0,32.0,0.99656,3.09,1.06,1
1251,9.8,7.5,0.58,0.14,2.2,0.077,27.0,60.0,0.9963,3.28,0.59,0
1374,9.8,6.8,0.815,0.0,1.2,0.267,16.0,29.0,0.99471,3.32,0.51,0
798,10.7,9.4,0.5,0.34,3.6,0.082,5.0,14.0,0.9987,3.29,0.52,1
1195,9.5,6.2,0.43,0.22,1.8,0.078,21.0,56.0,0.99633,3.52,0.6,1
949,11.9,8.9,0.12,0.45,1.8,0.075,10.0,21.0,0.99552,3.41,0.76,1
228,10.5,7.7,0.43,0.25,2.6,0.073,29.0,63.0,0.99615,3.37,0.58,1
1343,10.5,7.5,0.51,0.02,1.7,0.084,13.0,31.0,0.99538,3.36,0.54,1
113,9.7,10.1,0.31,0.44,2.3,0.08,22.0,46.0,0.9988,3.32,0.67,1
1000,11.5,7.5,0.43,0.3,2.2,0.062,6.0,12.0,0.99495,3.44,0.72,1
1179,11.0,8.2,0.35,0.33,2.4,0.076,11.0,47.0,0.99599,3.27,0.81,1
1328,9.3,6.5,0.52,0.11,1.8,0.073,13.0,38.0,0.9955,3.34,0.52,0
481,11.7,9.4,0.3,0.56,2.8,0.08,6.0,17.0,0.9964,3.15,0.92,1
268,9.4,6.9,0.54,0.04,3.0,0.077,7.0,27.0,0.9987,3.69,0.91,1
1376,10.0,8.2,0.885,0.2,1.4,0.086,7.0,31.0,0.9946,3.11,0.46,0
1207,10.0,9.9,0.72,0.55,1.7,0.136,24.0,52.0,0.99752,3.35,0.94,0
1504,11.4,7.5,0.38,0.57,2.3,0.106,5.0,12.0,0.99605,3.36,0.55,1
336,12.5,8.9,0.43,0.45,1.9,0.052,6.0,16.0,0.9948,3.35,0.7,1
622,9.5,10.0,0.58,0.22,1.9,0.08,9.0,32.0,0.9974,3.13,0.55,0
990,9.4,7.7,0.39,0.12,1.7,0.097,19.0,27.0,0.99596,3.16,0.49,0
186,9.2,7.4,0.39,0.48,2.0,0.082,14.0,67.0,0.9972,3.34,0.55,0
770,9.7,7.1,0.59,0.02,2.3,0.082,24.0,94.0,0.99744,3.55,0.53,1
1498,10.8,6.6,0.895,0.04,2.3,0.068,7.0,13.0,0.99582,3.53,0.58,1
6,9.4,7.9,0.6,0.06,1.6,0.069,15.0,59.0,0.9964,3.3,0.46,0
662,9.6,7.2,0.57,0.06,1.6,0.076,9.0,27.0,0.9972,3.36,0.7,1
956,11.3,9.0,0.36,0.52,2.1,0.111,5.0,10.0,0.99568,3.31,0.62,1
356,11.0,11.5,0.41,0.52,3.0,0.08,29.0,55.0,1.0001,3.26,0.88,0
53,9.4,8.6,0.38,0.36,3.0,0.081,30.0,119.0,0.997,3.2,0.56,0
784,9.8,7.1,0.59,0.01,2.5,0.077,20.0,85.0,0.99746,3.55,0.59,0
845,9.8,6.4,0.64,0.21,1.8,0.081,14.0,31.0,0.99689,3.59,0.66,0
876,10.9,7.1,0.47,0.0,2.2,0.067,7.0,14.0,0.99517,3.4,0.58,0
1429,11.3,7.9,0.18,0.4,2.2,0.049,38.0,67.0,0.996,3.33,0.93,0
1377,12.2,5.2,0.49,0.26,2.3,0.09,23.0,74.0,0.9953,3.71,0.62,1
1106,12.3,8.2,0.23,0.42,1.9,0.069,9.0,17.0,0.99376,3.21,0.54,1
1426,12.1,7.7,0.23,0.37,1.8,0.046,23.0,60.0,0.9971,3.41,0.71,1
1294,10.9,8.2,0.635,0.1,2.1,0.073,25.0,60.0,0.99638,3.29,0.75,1
17,9.3,8.1,0.56,0.28,1.7,0.368,16.0,56.0,0.9968,3.11,1.28,0
453,11.2,10.4,0.33,0.63,2.8,0.084,5.0,22.0,0.9998,3.26,0.74,1
783,9.8,6.5,0.46,0.14,2.4,0.114,9.0,37.0,0.99732,3.66,0.65,0
1271,11.7,7.3,0.44,0.2,1.6,0.049,24.0,64.0,0.9935,3.38,0.57,1
479,10.1,9.4,0.685,0.11,2.7,0.077,6.0,31.0,0.9984,3.19,0.7,1
578,9.8,8.8,0.47,0.49,2.9,0.085,17.0,110.0,0.9982,3.29,0.6,0
1513,10.5,6.4,0.56,0.15,1.8,0.078,17.0,65.0,0.99294,3.33,0.6,1
45,13.1,4.6,0.52,0.15,2.1,0.054,8.0,65.0,0.9934,3.9,0.56,0
734,9.3,7.7,0.56,0.2,2.0,0.075,9.0,39.0,0.9987,3.48,0.62,0
150,10.3,7.3,0.33,0.47,2.1,0.077,5.0,11.0,0.9958,3.33,0.53,1
523,9.4,9.3,0.4,0.49,2.5,0.085,38.0,142.0,0.9978,3.22,0.55,0
950,11.9,8.9,0.12,0.45,1.8,0.075,10.0,21.0,0.99552,3.41,0.76,1
1268,9.5,6.9,0.41,0.31,2.0,0.079,21.0,51.0,0.99668,3.47,0.55,1
717,10.0,7.6,0.46,0.11,2.6,0.079,12.0,49.0,0.9968,3.21,0.57,0
928,11.2,8.6,0.47,0.27,2.3,0.055,14.0,28.0,0.99516,3.18,0.8,0
319,10.4,9.6,0.77,0.12,2.9,0.082,30.0,74.0,0.99865,3.3,0.64,1
1544,11.2,8.4,0.37,0.43,2.3,0.063,12.0,19.0,0.9955,3.17,0.81,1
933,9.8,7.4,0.61,0.01,2.0,0.074,13.0,38.0,0.99748,3.48,0.65,0
191,9.8,6.4,0.37,0.25,1.9,0.074,21.0,49.0,0.9974,3.57,0.62,1
821,14.0,4.9,0.42,0.0,2.1,0.048,16.0,42.0,0.99154,3.71,0.74,1
1537,10.2,5.4,0.58,0.08,1.9,0.059,20.0,31.0,0.99484,3.5,0.64,1
338,11.5,12.4,0.49,0.58,3.0,0.103,28.0,99.0,1.0008,3.16,1.0,1
141,9.5,8.3,0.715,0.15,1.8,0.089,10.0,52.0,0.9968,3.23,0.77,0
317,10.4,9.6,0.77,0.12,2.9,0.082,30.0,74.0,0.99865,3.3,0.64,1
1149,12.0,10.0,0.35,0.47,2.0,0.061,6.0,11.0,0.99585,3.23,0.52,1
1059,12.1,8.9,0.48,0.53,4.0,0.101,3.0,10.0,0.99586,3.21,0.59,1
777,10.3,6.9,0.635,0.17,2.4,0.241,6.0,18.0,0.9961,3.4,0.59,1
653,12.0,9.4,0.33,0.59,2.8,0.079,9.0,30.0,0.9976,3.12,0.54,1
1223,12.0,10.5,0.36,0.47,2.2,0.074,9.0,23.0,0.99638,3.23,0.76,1
14,9.2,8.9,0.62,0.18,3.8,0.176,52.0,145.0,0.9986,3.16,0.88,0
1489,10.8,6.2,0.57,0.1,2.1,0.048,4.0,11.0,0.99448,3.44,0.76,1
1178,11.4,5.6,0.915,0.0,2.1,0.041,17.0,78.0,0.99346,3.68,0.73,0
713,9.4,8.0,0.43,0.36,2.3,0.075,10.0,48.0,0.9976,3.34,0.46,0
795,10.2,10.8,0.89,0.3,2.6,0.132,7.0,60.0,0.99786,2.99,1.18,0
462,11.8,11.0,0.26,0.68,2.55,0.085,10.0,25.0,0.997,3.18,0.61,0
686,9.1,7.1,0.65,0.18,1.8,0.07,13.0,40.0,0.997,3.44,0.6,0
1352,10.3,7.6,0.645,0.03,1.9,0.086,14.0,57.0,0.9969,3.37,0.46,0
804,9.9,8.4,0.52,0.22,2.7,0.084,4.0,18.0,0.99682,3.26,0.57,1
1262,9.8,9.8,0.45,0.38,2.5,0.081,34.0,66.0,0.99726,3.15,0.58,0
334,11.7,7.9,0.65,0.01,2.5,0.078,17.0,38.0,0.9963,3.34,0.74,1
261,9.4,7.0,0.975,0.04,2.0,0.087,12.0,67.0,0.99565,3.35,0.6,0
1209,11.2,6.2,0.39,0.43,2.0,0.071,14.0,24.0,0.99428,3.45,0.87,1
1452,11.6,6.6,0.58,0.02,2.0,0.062,37.0,53.0,0.99374,3.35,0.76,1
330,12.5,10.2,0.36,0.64,2.9,0.122,10.0,41.0,0.998,3.23,0.66,1
68,10.7,9.3,0.32,0.57,2.0,0.074,27.0,65.0,0.9969,3.28,0.79,0
450,10.8,11.9,0.39,0.69,2.8,0.095,17.0,35.0,0.9994,3.1,0.61,1
122,9.2,7.3,0.695,0.0,2.5,0.075,3.0,13.0,0.998,3.49,0.52,0
461,9.3,8.3,0.615,0.22,2.6,0.087,6.0,19.0,0.9982,3.26,0.61,0
1425,9.6,8.3,0.26,0.37,1.4,0.076,8.0,23.0,0.9974,3.26,0.7,1
791,9.6,8.8,0.64,0.17,2.9,0.084,25.0,130.0,0.99818,3.23,0.54,0
1488,11.4,5.6,0.54,0.04,1.7,0.049,5.0,13.0,0.9942,3.72,0.58,0
513,11.8,10.5,0.51,0.64,2.4,0.107,6.0,15.0,0.9973,3.09,0.66,1
278,12.6,10.3,0.32,0.45,6.4,0.073,5.0,13.0,0.9976,3.23,0.82,1
489,10.2,9.3,0.39,0.4,2.6,0.073,10.0,26.0,0.9984,3.34,0.75,1
537,10.7,8.1,0.825,0.24,2.1,0.084,5.0,13.0,0.9972,3.37,0.77,1
710,10.1,10.6,1.025,0.43,2.8,0.08,21.0,84.0,0.9985,3.06,0.57,0
1109,10.8,10.8,0.47,0.43,2.1,0.171,27.0,66.0,0.9982,3.17,0.76,1
342,9.8,10.9,0.39,0.47,1.8,0.118,6.0,14.0,0.9982,3.3,0.75,1
1171,10.8,7.1,0.59,0.0,2.2,0.078,26.0,44.0,0.99522,3.42,0.68,1
579,9.8,10.6,0.31,0.49,2.2,0.063,18.0,40.0,0.9976,3.14,0.51,1
1129,10.5,10.5,0.43,0.35,3.3,0.092,24.0,70.0,0.99798,3.21,0.69,1
1181,11.4,9.8,0.39,0.43,1.65,0.068,5.0,11.0,0.99478,3.19,0.46,0
1176,11.2,6.5,0.88,0.03,5.6,0.079,23.0,47.0,0.99572,3.58,0.5,0
780,9.4,7.0,0.57,0.0,2.0,0.19,12.0,45.0,0.99676,3.31,0.6,1
621,9.4,8.2,0.56,0.23,3.4,0.078,14.0,104.0,0.9976,3.28,0.62,0
1541,10.9,7.4,0.25,0.29,2.2,0.054,19.0,49.0,0.99666,3.4,0.76,1
224,10.4,8.4,0.635,0.36,2.0,0.089,15.0,55.0,0.99745,3.31,0.57,0
1459,11.9,7.9,0.2,0.35,1.7,0.054,7.0,15.0,0.99458,3.32,0.8,1
102,9.0,8.1,0.545,0.18,1.9,0.08,13.0,35.0,0.9972,3.3,0.59,1
692,9.0,8.6,0.49,0.51,2.0,0.422,16.0,62.0,0.9979,3.03,1.17,0
1497,11.5,6.9,0.74,0.03,2.3,0.054,7.0,16.0,0.99508,3.45,0.63,1
395,13.0,12.0,0.37,0.76,4.2,0.066,7.0,38.0,1.0004,3.22,0.6,1
828,12.7,7.8,0.57,0.09,2.3,0.065,34.0,45.0,0.99417,3.46,0.74,1
562,9.2,9.0,0.54,0.49,2.9,0.094,41.0,110.0,0.9982,3.08,0.61,0
402,10.5,12.2,0.48,0.54,2.6,0.085,19.0,64.0,1.0,3.1,0.61,1
655,9.4,9.7,0.55,0.17,2.9,0.087,20.0,53.0,1.0004,3.14,0.61,0
659,11.0,7.1,0.84,0.02,4.4,0.096,5.0,13.0,0.997,3.41,0.57,0
1443,11.7,6.9,0.58,0.2,1.75,0.058,8.0,22.0,0.99322,3.38,0.49,0
1173,9.5,7.6,0.36,0.31,1.7,0.079,26.0,65.0,0.99716,3.46,0.62,1
1438,10.3,7.0,0.59,0.0,1.7,0.052,3.0,8.0,0.996,3.41,0.47,0
1448,9.7,6.9,0.58,0.01,1.9,0.08,40.0,54.0,0.99683,3.4,0.73,0
628,9.3,8.7,0.54,0.26,2.5,0.097,7.0,31.0,0.9976,3.27,0.6,1
670,10.0,6.9,0.4,0.24,2.5,0.083,30.0,45.0,0.9959,3.26,0.58,0
639,10.3,8.9,0.29,0.35,1.9,0.067,25.0,57.0,0.997,3.18,1.36,1
134,9.9,7.9,1.04,0.05,2.2,0.084,13.0,29.0,0.9959,3.22,0.55,1
1290,11.0,7.6,0.74,0.0,1.9,0.1,6.0,12.0,0.99521,3.36,0.59,0
1156,11.8,8.5,0.18,0.51,1.75,0.071,45.0,88.0,0.99524,3.33,0.76,1
889,9.3,10.7,0.9,0.34,6.6,0.112,23.0,99.0,1.00289,3.22,0.68,0
613,9.8,8.2,0.39,0.38,1.5,0.058,10.0,29.0,0.9962,3.26,0.74,0
1571,11.1,6.4,0.38,0.14,2.2,0.038,15.0,25.0,0.99514,3.44,0.65,1
65,10.9,7.2,0.725,0.05,4.65,0.086,4.0,11.0,0.9962,3.41,0.39,0
1095,10.5,9.4,0.4,0.47,2.5,0.087,6.0,20.0,0.99772,3.15,0.5,0
1167,12.4,8.2,0.33,0.39,2.5,0.074,29.0,48.0,0.99528,3.32,0.88,1
255,9.3,8.0,0.57,0.23,3.2,0.073,17.0,119.0,0.99675,3.26,0.57,0
864,9.5,7.2,0.62,0.06,2.7,0.077,15.0,85.0,0.99746,3.51,0.54,0
1524,10.0,6.0,0.42,0.19,2.0,0.075,22.0,47.0,0.99522,3.39,0.78,1
1341,10.5,7.5,0.51,0.02,1.7,0.084,13.0,31.0,0.99538,3.36,0.54,1
46,9.2,7.7,0.935,0.43,2.2,0.114,22.0,114.0,0.997,3.25,0.73,0
392,9.5,9.5,0.37,0.52,2.0,0.082,6.0,26.0,0.998,3.18,0.51,0
1228,13.6,5.1,0.42,0.0,1.8,0.044,18.0,88.0,0.99157,3.68,0.73,1
985,11.3,7.4,0.58,0.0,2.0,0.064,7.0,11.0,0.99562,3.45,0.58,1
977,9.1,8.4,0.59,0.29,2.6,0.109,31.0,119.0,0.99801,3.15,0.5,0
666,9.5,8.3,0.49,0.36,1.8,0.222,6.0,16.0,0.998,3.18,0.6,1
610,9.2,8.8,0.24,0.54,2.5,0.083,25.0,57.0,0.9983,3.39,0.54,0
1172,12.3,9.7,0.42,0.46,2.1,0.074,5.0,16.0,0.99649,3.27,0.74,1
1019,10.4,7.0,0.5,0.14,1.8,0.078,10.0,23.0,0.99636,3.53,0.61,0
486,10.0,10.2,0.67,0.39,1.9,0.054,6.0,17.0,0.9976,3.17,0.47,0
687,9.7,9.1,0.64,0.23,3.1,0.095,13.0,38.0,0.9998,3.28,0.59,0
1169,11.5,7.6,0.5,0.29,2.3,0.086,5.0,14.0,0.99502,3.32,0.62,1
1148,11.6,7.8,0.39,0.42,2.0,0.086,9.0,21.0,0.99526,3.39,0.66,1
487,10.0,10.2,0.645,0.36,1.8,0.053,5.0,14.0,0.9982,3.17,0.42,1
264,10.9,12.5,0.56,0.49,2.4,0.064,5.0,27.0,0.9999,3.08,0.87,0
772,9.4,9.5,0.57,0.27,2.3,0.082,23.0,144.0,0.99782,3.27,0.55,0
298,9.7,7.2,0.65,0.02,2.3,0.094,5.0,31.0,0.9993,3.67,0.8,0
1345,10.2,8.2,0.44,0.24,2.3,0.063,10.0,28.0,0.99613,3.25,0.53,1
970,10.9,10.4,0.26,0.48,1.9,0.066,6.0,10.0,0.99724,3.33,0.87,1
880,9.9,9.2,0.56,0.18,1.6,0.078,10.0,21.0,0.99576,3.15,0.49,0
510,9.5,12.4,0.42,0.49,4.6,0.073,19.0,43.0,0.9978,3.02,0.61,0
643,9.5,9.5,0.59,0.44,2.3,0.071,21.0,68.0,0.9992,3.46,0.63,0
271,10.1,11.5,0.18,0.51,4.0,0.104,4.0,23.0,0.9996,3.28,0.97,1
1486,10.3,6.8,0.68,0.21,2.1,0.07,9.0,23.0,0.99546,3.38,0.6,0
350,9.9,10.7,0.67,0.22,2.7,0.107,17.0,34.0,1.0004,3.28,0.98,1
594,9.5,7.9,0.72,0.17,2.6,0.096,20.0,38.0,0.9978,3.4,0.53,0
993,9.4,7.1,0.34,0.28,2.0,0.082,31.0,68.0,0.99694,3.45,0.48,0
1551,9.4,7.1,0.67,0.0,2.3,0.083,18.0,27.0,0.99768,3.44,0.54,0
765,9.5,9.2,0.67,0.1,3.0,0.091,12.0,48.0,0.99888,3.31,0.54,1
665,9.7,9.4,0.59,0.14,2.0,0.084,25.0,48.0,0.9981,3.14,0.56,0
459,9.0,11.6,0.58,0.66,2.2,0.074,10.0,47.0,1.0008,3.25,0.57,0
1433,10.1,6.1,0.4,0.16,1.8,0.069,11.0,25.0,0.9955,3.42,0.74,1
516,11.9,12.5,0.6,0.49,4.3,0.1,5.0,14.0,1.001,3.25,0.74,1
1470,9.7,10.0,0.69,0.11,1.4,0.084,8.0,24.0,0.99578,2.88,0.47,0
853,10.9,9.3,0.36,0.39,1.5,0.08,41.0,55.0,0.99652,3.47,0.73,1
1437,11.1,6.8,0.915,0.29,4.8,0.07,15.0,39.0,0.99577,3.53,0.54,0
1530,11.3,6.6,0.44,0.09,2.2,0.063,9.0,18.0,0.99444,3.42,0.69,1
1140,9.5,7.3,0.4,0.3,1.7,0.08,33.0,79.0,0.9969,3.41,0.65,1
1515,9.25,6.9,0.84,0.21,4.1,0.074,16.0,65.0,0.99842,3.53,0.72,1
731,11.5,8.9,0.875,0.13,3.45,0.088,4.0,14.0,0.9994,3.44,0.52,0
376,11.0,11.5,0.45,0.5,3.0,0.078,19.0,47.0,1.0003,3.26,1.11,1
296,9.9,10.6,0.83,0.37,2.6,0.086,26.0,70.0,0.9981,3.16,0.52,0
1505,9.95,6.7,0.76,0.02,1.8,0.078,6.0,12.0,0.996,3.55,0.63,0
1257,11.0,7.0,0.58,0.28,4.8,0.085,12.0,69.0,0.99633,3.32,0.7,1
442,11.2,15.6,0.685,0.76,3.7,0.1,6.0,43.0,1.0032,2.95,0.68,1
1214,10.4,10.2,0.33,0.46,1.9,0.081,6.0,9.0,0.99628,3.1,0.48,1
1428,11.0,7.8,0.64,0.0,1.9,0.072,27.0,55.0,0.9962,3.31,0.63,0
483,9.4,10.6,0.36,0.6,2.2,0.152,7.0,18.0,0.9986,3.04,1.06,0
1576,10.8,8.0,0.3,0.63,1.6,0.081,16.0,29.0,0.99588,3.3,0.78,1
272,10.1,10.9,0.37,0.58,4.0,0.071,17.0,65.0,0.99935,3.22,0.78,0
400,9.9,6.6,0.735,0.02,7.9,0.122,68.0,124.0,0.9994,3.47,0.53,0
544,8.4,14.3,0.31,0.74,1.8,0.075,6.0,15.0,1.0008,2.86,0.79,1
416,11.7,10.6,0.48,0.64,2.2,0.111,6.0,20.0,0.997,3.26,0.66,1
803,9.6,7.7,0.56,0.08,2.5,0.114,14.0,46.0,0.9971,3.24,0.66,1
169,9.5,7.5,0.705,0.24,1.8,0.36,15.0,63.0,0.9964,3.0,1.59,0
890,10.1,7.2,0.34,0.24,2.0,0.071,30.0,52.0,0.99576,3.44,0.58,0
661,9.0,7.5,0.42,0.31,1.6,0.08,15.0,42.0,0.9978,3.31,0.64,0
604,9.1,8.3,0.58,0.13,2.9,0.096,14.0,63.0,0.9984,3.17,0.62,1
1337,9.5,6.0,0.5,0.0,1.4,0.057,15.0,26.0,0.99448,3.36,0.45,0
120,9.0,7.3,1.07,0.09,1.7,0.178,10.0,89.0,0.9962,3.3,0.57,0
352,9.3,7.7,0.665,0.0,2.4,0.09,8.0,19.0,0.9974,3.27,0.73,0
370,9.9,6.9,0.765,0.02,2.3,0.063,35.0,63.0,0.9975,3.57,0.78,0
1082,9.5,7.2,0.38,0.3,1.8,0.073,31.0,70.0,0.99685,3.42,0.59,1
41,9.3,8.8,0.61,0.3,2.8,0.088,17.0,46.0,0.9976,3.26,0.51,0
1485,9.7,7.0,0.655,0.16,2.1,0.074,8.0,25.0,0.99606,3.37,0.55,0
378,13.3,11.4,0.625,0.66,6.2,0.088,6.0,24.0,0.9988,3.11,0.99,1
1496,9.7,7.7,0.54,0.26,1.9,0.089,23.0,147.0,0.99636,3.26,0.59,0
172,9.2,8.0,0.42,0.17,2.0,0.073,6.0,18.0,0.9972,3.29,0.61,1
161,9.2,7.6,0.68,0.02,1.3,0.072,9.0,20.0,0.9965,3.17,1.08,0
1245,10.5,7.4,0.55,0.19,1.8,0.082,15.0,34.0,0.99655,3.49,0.68,0
241,10.9,12.0,0.38,0.56,2.1,0.093,6.0,24.0,0.99925,3.14,0.71,1
1396,9.55,8.7,0.675,0.1,1.6,0.09,4.0,11.0,0.99745,3.31,0.65,0
1182,10.5,10.2,0.4,0.4,2.5,0.068,41.0,54.0,0.99754,3.38,0.86,1
814,11.3,12.6,0.41,0.54,2.8,0.103,19.0,41.0,0.99939,3.21,0.76,1
963,11.2,8.8,0.27,0.39,2.0,0.1,20.0,27.0,0.99546,3.15,0.69,1
743,10.0,11.6,0.41,0.58,2.8,0.096,25.0,101.0,1.00024,3.13,0.53,0
225,10.5,7.7,0.43,0.25,2.6,0.073,29.0,63.0,0.99615,3.37,0.58,1
936,11.8,8.8,0.3,0.38,2.3,0.06,19.0,72.0,0.99543,3.39,0.72,1
429,10.4,12.8,0.84,0.63,2.4,0.088,13.0,35.0,0.9997,3.1,0.6,1
1318,9.8,7.5,0.63,0.27,2.0,0.083,17.0,91.0,0.99616,3.26,0.58,1
751,9.5,8.3,0.65,0.1,2.9,0.089,17.0,40.0,0.99803,3.29,0.55,0
60,9.2,8.8,0.4,0.4,2.2,0.079,19.0,52.0,0.998,3.44,0.64,0
1051,9.2,8.5,0.46,0.59,1.4,0.414,16.0,45.0,0.99702,3.03,1.34,0
1386,9.6,7.4,0.64,0.07,1.8,0.1,8.0,23.0,0.9961,3.3,0.58,0
288,10.6,8.7,0.52,0.09,2.5,0.091,20.0,49.0,0.9976,3.34,0.86,1
145,9.4,8.1,0.67,0.55,1.8,0.117,32.0,141.0,0.9968,3.17,0.62,0
630,9.3,8.7,0.54,0.26,2.5,0.097,7.0,31.0,0.9976,3.27,0.6,1
411,9.5,9.1,0.45,0.35,2.4,0.08,23.0,78.0,0.9987,3.38,0.62,0
1509,11.1,7.9,0.18,0.4,1.8,0.062,7.0,20.0,0.9941,3.28,0.7,0
606,12.2,9.4,0.41,0.48,4.6,0.072,10.0,20.0,0.9973,3.34,0.79,1
394,9.9,12.7,0.6,0.65,2.3,0.063,6.0,25.0,0.9997,3.03,0.57,0
840,12.1,11.1,0.42,0.47,2.65,0.085,9.0,34.0,0.99736,3.24,0.77,1
961,9.3,7.1,0.56,0.14,1.6,0.078,7.0,18.0,0.99592,3.27,0.62,0
1320,10.1,9.7,0.66,0.34,2.6,0.094,12.0,88.0,0.99796,3.26,0.66,0
30,10.1,6.7,0.675,0.07,2.4,0.089,17.0,82.0,0.9958,3.35,0.54,0
381,10.0,13.7,0.415,0.68,2.9,0.085,17.0,43.0,1.0014,3.06,0.8,1
1151,12.5,6.1,0.58,0.23,2.5,0.044,16.0,70.0,0.99352,3.46,0.65,1
921,11.0,8.4,0.36,0.32,2.2,0.081,32.0,79.0,0.9964,3.3,0.72,1
469,9.8,8.7,0.82,0.02,1.2,0.07,36.0,48.0,0.9952,3.2,0.58,0
1580,11.9,7.4,0.35,0.33,2.4,0.068,9.0,26.0,0.9947,3.36,0.6,1
1350,10.0,9.0,0.6,0.29,2.0,0.069,32.0,73.0,0.99654,3.34,0.57,0
194,9.7,7.6,0.55,0.21,2.2,0.071,7.0,28.0,0.9964,3.28,0.55,0
1090,11.8,10.0,0.26,0.54,1.9,0.083,42.0,74.0,0.99451,2.98,0.63,1
974,12.1,8.8,0.33,0.41,5.9,0.073,7.0,13.0,0.99658,3.3,0.62,1
527,11.4,7.0,0.38,0.49,2.5,0.097,33.0,85.0,0.9962,3.39,0.77,1
1500,9.6,7.5,0.725,0.04,1.5,0.076,8.0,15.0,0.99508,3.26,0.53,0
605,9.2,8.3,0.6,0.13,2.6,0.085,6.0,24.0,0.9984,3.31,0.59,1
424,10.9,7.7,0.96,0.2,2.0,0.047,15.0,60.0,0.9955,3.36,0.44,0
116,10.0,8.3,0.54,0.28,1.9,0.077,11.0,40.0,0.9978,3.39,0.61,1
688,9.4,7.7,0.66,0.04,1.6,0.039,4.0,9.0,0.9962,3.4,0.47,0
627,9.1,8.8,0.6,0.29,2.2,0.098,5.0,15.0,0.9988,3.36,0.49,0
260,9.3,7.9,0.33,0.23,1.7,0.077,18.0,45.0,0.99625,3.29,0.65,0
884,10.0,8.8,0.61,0.19,4.0,0.094,30.0,69.0,0.99787,3.22,0.5,1
1568,9.2,7.0,0.56,0.13,1.6,0.077,25.0,42.0,0.99629,3.34,0.59,0
649,11.3,6.7,0.42,0.27,8.6,0.068,24.0,148.0,0.9948,3.16,0.57,1
103,9.2,8.1,0.575,0.22,2.1,0.077,12.0,65.0,0.9967,3.29,0.51,0
532,10.3,11.9,0.38,0.49,2.7,0.098,12.0,42.0,1.0004,3.16,0.61,0
379,10.8,8.3,0.42,0.38,2.5,0.094,24.0,60.0,0.9979,3.31,0.7,1
1332,9.7,8.4,0.39,0.1,1.7,0.075,6.0,25.0,0.99581,3.09,0.43,1
1202,11.7,8.6,0.42,0.39,1.8,0.068,6.0,12.0,0.99516,3.35,0.69,1
1021,11.9,11.3,0.36,0.66,2.4,0.123,3.0,8.0,0.99642,3.2,0.53,1
1570,12.4,6.4,0.36,0.53,2.2,0.23,19.0,35.0,0.9934,3.37,0.93,1
771,9.4,9.4,0.685,0.26,2.4,0.082,23.0,143.0,0.9978,3.28,0.55,0
965,11.0,8.3,0.34,0.4,2.4,0.065,24.0,48.0,0.99554,3.34,0.86,1
894,9.8,7.2,0.63,0.03,2.2,0.08,17.0,88.0,0.99745,3.53,0.58,1
1094,10.8,6.6,0.725,0.09,5.5,0.117,9.0,17.0,0.99655,3.35,0.49,1
24,9.7,6.9,0.4,0.14,2.4,0.085,21.0,40.0,0.9968,3.43,0.63,1
337,10.3,7.8,0.43,0.32,2.8,0.08,29.0,58.0,0.9974,3.31,0.64,0
1120,13.1,7.9,0.54,0.34,2.5,0.076,8.0,17.0,0.99235,3.2,0.72,1
1557,11.0,6.6,0.855,0.02,2.4,0.062,15.0,23.0,0.99627,3.54,0.6,1
97,9.2,7.0,0.5,0.25,2.0,0.07,3.0,22.0,0.9963,3.25,0.63,0
1550,9.5,7.1,0.68,0.0,2.3,0.087,17.0,26.0,0.99783,3.45,0.53,0
1372,9.2,8.7,0.78,0.51,1.7,0.415,12.0,66.0,0.99623,3.0,1.17,0
189,9.5,7.9,0.49,0.32,1.9,0.082,17.0,144.0,0.9968,3.2,0.55,0
1086,11.6,8.5,0.34,0.4,4.7,0.055,3.0,9.0,0.99738,3.38,0.66,1
875,11.8,8.8,0.31,0.4,2.8,0.109,7.0,16.0,0.99614,3.31,0.79,1
1023,12.3,8.2,0.32,0.42,2.3,0.098,3.0,9.0,0.99506,3.27,0.55,1
1475,13.5666666666667,5.3,0.47,0.11,2.2,0.048,16.0,89.0,0.99182,3.54,0.88,1
1040,10.2,7.4,0.965,0.0,2.2,0.088,16.0,32.0,0.99756,3.58,0.67,0
249,9.9,7.3,0.66,0.0,2.0,0.084,6.0,23.0,0.9983,3.61,0.96,1
339,9.8,12.5,0.28,0.54,2.3,0.082,12.0,29.0,0.9997,3.11,1.36,1
29,9.8,7.8,0.645,0.0,2.0,0.082,8.0,16.0,0.9964,3.38,0.59,1
1204,11.0,7.2,0.36,0.46,2.1,0.074,24.0,44.0,0.99534,3.4,0.85,1
886,10.4,9.0,0.8,0.12,2.4,0.083,8.0,28.0,0.99836,3.33,0.65,1
657,10.5,12.0,0.5,0.59,1.4,0.073,23.0,42.0,0.998,2.92,0.68,1
867,11.2,6.9,0.51,0.23,2.0,0.072,13.0,22.0,0.99438,3.4,0.84,1
1145,10.4,8.2,0.2,0.43,2.5,0.076,31.0,51.0,0.99672,3.53,0.81,1
243,9.2,15.0,0.21,0.44,2.2,0.075,10.0,24.0,1.00005,3.07,0.84,1
973,10.7,8.5,0.34,0.44,1.7,0.079,6.0,12.0,0.99605,3.52,0.63,0
355,12.8,6.7,0.75,0.01,2.4,0.078,17.0,32.0,0.9955,3.55,0.61,1
1531,10.2,6.1,0.705,0.1,2.8,0.081,13.0,28.0,0.99631,3.6,0.66,0
1010,12.3,8.9,0.28,0.45,1.7,0.067,7.0,12.0,0.99354,3.25,0.55,1
1272,11.2,5.9,0.46,0.0,1.9,0.077,25.0,44.0,0.99385,3.5,0.53,0
1419,9.9,7.7,0.64,0.21,2.2,0.077,32.0,133.0,0.9956,3.27,0.45,0
1037,9.2,7.3,0.91,0.1,1.8,0.074,20.0,56.0,0.99672,3.35,0.56,0
947,12.4,8.3,0.28,0.48,2.1,0.093,6.0,12.0,0.99408,3.26,0.62,1
741,9.5,9.2,0.53,0.24,2.6,0.078,28.0,139.0,0.99788,3.21,0.57,0
263,9.3,7.9,0.37,0.23,1.8,0.077,23.0,49.0,0.9963,3.28,0.67,0
233,11.0,6.9,0.52,0.25,2.6,0.081,10.0,37.0,0.99685,3.46,0.5,0
761,9.6,9.3,0.655,0.26,2.0,0.096,5.0,35.0,0.99738,3.25,0.42,0
1316,12.5,5.4,0.74,0.0,1.2,0.041,16.0,46.0,0.99258,4.01,0.59,1
1136,11.4,10.4,0.52,0.45,2.0,0.08,6.0,13.0,0.99774,3.22,0.76,1
1102,11.2,6.1,0.48,0.09,1.7,0.078,18.0,30.0,0.99402,3.45,0.54,1
1393,10.2,8.0,0.52,0.25,2.0,0.078,19.0,59.0,0.99612,3.3,0.48,0
1055,9.1,8.2,0.64,0.27,2.0,0.095,5.0,77.0,0.99747,3.13,0.62,1
1168,12.0,6.5,0.34,0.27,2.8,0.067,8.0,44.0,0.99384,3.21,0.56,1
1479,10.6,8.2,0.28,0.6,3.0,0.104,10.0,22.0,0.99828,3.39,0.68,0
460,11.3,9.2,0.43,0.52,2.3,0.083,14.0,23.0,0.9976,3.35,0.61,1
314,11.0,7.4,0.36,0.29,2.6,0.087,26.0,72.0,0.99645,3.39,0.68,0
551,10.0,9.4,0.43,0.24,2.8,0.092,14.0,45.0,0.998,3.19,0.73,1
234,9.0,8.2,1.0,0.09,2.3,0.065,7.0,37.0,0.99685,3.32,0.55,1
1353,10.3,7.6,0.645,0.03,1.9,0.086,14.0,57.0,0.9969,3.37,0.46,0
198,13.0,5.4,0.835,0.08,1.2,0.046,13.0,93.0,0.9924,3.57,0.85,1
505,12.5,10.2,0.49,0.63,2.9,0.072,10.0,26.0,0.9968,3.16,0.78,1
858,10.6,11.7,0.28,0.47,1.7,0.054,17.0,32.0,0.99686,3.15,0.67,1
1217,12.0,8.2,0.34,0.37,1.9,0.057,43.0,74.0,0.99408,3.23,0.81,1
85,10.1,6.9,0.55,0.15,2.2,0.076,19.0,40.0,0.9961,3.41,0.59,0
1357,11.1,7.3,0.43,0.24,2.5,0.078,27.0,67.0,0.99648,3.6,0.59,1
1099,9.4,8.6,0.52,0.38,1.5,0.096,5.0,18.0,0.99666,3.2,0.52,0
872,10.0,7.3,0.35,0.24,2.0,0.067,28.0,48.0,0.99576,3.43,0.54,0
56,9.6,10.2,0.42,0.57,3.4,0.07,4.0,10.0,0.9971,3.04,0.63,0
1065,10.2,7.7,0.61,0.18,2.4,0.083,6.0,20.0,0.9963,3.29,0.6,1
1596,11.0,6.3,0.51,0.13,2.3,0.076,29.0,40.0,0.99574,3.42,0.75,1
926,10.2,9.4,0.24,0.33,2.3,0.061,52.0,73.0,0.99786,3.47,0.9,1
451,9.1,8.4,0.37,0.53,1.8,0.413,9.0,26.0,0.9979,3.06,1.06,1
21,9.7,7.6,0.39,0.31,2.3,0.082,23.0,71.0,0.9982,3.52,0.65,0
1050,10.4,7.1,0.43,0.17,1.8,0.082,27.0,51.0,0.99634,3.49,0.64,0
530,10.3,9.1,0.22,0.24,2.1,0.078,1.0,28.0,0.999,3.41,0.87,1
849,9.8,6.4,0.63,0.21,1.6,0.08,12.0,32.0,0.99689,3.58,0.66,0
1267,11.4,10.4,0.43,0.5,2.3,0.068,13.0,19.0,0.996,3.1,0.87,1
43,10.3,8.1,0.66,0.22,2.2,0.069,9.0,23.0,0.9968,3.3,1.2,0
1574,10.5,5.6,0.31,0.78,13.9,0.074,23.0,92.0,0.99677,3.39,0.48,1
327,11.5,10.3,0.44,0.5,4.5,0.107,5.0,13.0,0.998,3.28,0.83,0
658,9.6,7.2,0.52,0.07,1.4,0.074,5.0,20.0,0.9973,3.32,0.81,1
328,9.7,13.4,0.27,0.62,2.6,0.082,6.0,21.0,1.0002,3.16,0.67,1
385,9.7,7.4,0.63,0.07,2.4,0.09,11.0,37.0,0.9979,3.43,0.76,1
100,10.2,8.3,0.61,0.3,2.1,0.084,11.0,50.0,0.9972,3.4,0.61,1
369,12.0,9.4,0.27,0.53,2.4,0.074,6.0,18.0,0.9962,3.2,1.13,1
1157,12.9,5.1,0.51,0.18,2.1,0.042,16.0,101.0,0.9924,3.46,0.87,1
517,8.4,10.4,0.61,0.49,2.1,0.2,5.0,16.0,0.9994,3.16,0.63,0
1273,9.3,7.5,0.58,0.2,2.0,0.073,34.0,44.0,0.99494,3.1,0.43,0
407,10.8,12.0,0.39,0.66,3.0,0.093,12.0,30.0,0.9996,3.18,0.63,1
790,9.7,7.4,0.37,0.43,2.6,0.082,18.0,82.0,0.99708,3.33,0.68,1
1147,11.8,10.0,0.41,0.45,6.2,0.071,6.0,14.0,0.99702,3.21,0.49,1
1588,12.8,7.2,0.66,0.33,2.5,0.068,34.0,102.0,0.99414,3.27,0.78,1
287,10.3,7.5,0.4,0.12,3.0,0.092,29.0,53.0,0.9967,3.37,0.7,1
280,9.3,11.4,0.26,0.44,3.6,0.071,6.0,19.0,0.9986,3.12,0.82,1
226,9.5,8.9,0.59,0.5,2.0,0.337,27.0,81.0,0.9964,3.04,1.61,1
308,9.5,10.3,0.43,0.44,2.4,0.214,5.0,12.0,0.9994,3.19,0.63,1
1011,10.4,8.9,0.32,0.31,2.0,0.088,12.0,19.0,0.9957,3.17,0.55,1
1394,9.2,6.4,0.57,0.14,3.9,0.07,27.0,73.0,0.99669,3.32,0.48,0
944,12.1,8.3,0.3,0.49,3.8,0.09,11.0,24.0,0.99498,3.27,0.64,1
270,10.7,7.9,0.545,0.06,4.0,0.087,27.0,61.0,0.9965,3.36,0.67,1
432,12.8,11.9,0.37,0.69,2.3,0.078,12.0,24.0,0.9958,3.0,0.65,1
349,9.4,9.1,0.785,0.0,2.6,0.093,11.0,28.0,0.9994,3.36,0.86,1
988,9.4,7.7,0.39,0.12,1.7,0.097,19.0,27.0,0.99596,3.16,0.49,0
1313,10.1,7.0,0.36,0.21,2.3,0.086,20.0,65.0,0.99558,3.4,0.54,1
389,10.0,9.6,0.38,0.31,2.5,0.096,16.0,49.0,0.9982,3.19,0.7,1
827,10.7,7.1,0.46,0.14,2.8,0.076,15.0,37.0,0.99624,3.36,0.49,0
978,11.3,7.0,0.4,0.32,3.6,0.061,9.0,29.0,0.99416,3.28,0.49,1
1233,9.3,10.2,0.23,0.37,2.2,0.057,14.0,36.0,0.99614,3.23,0.49,0
348,10.0,9.6,0.56,0.31,2.8,0.089,15.0,46.0,0.9979,3.11,0.92,1
207,9.3,7.8,0.57,0.31,1.8,0.069,26.0,120.0,0.99625,3.29,0.53,0
1548,10.4,11.2,0.4,0.5,2.0,0.099,19.0,50.0,0.99783,3.1,0.58,0
1152,9.8,8.3,0.6,0.25,2.2,0.118,9.0,38.0,0.99616,3.15,0.53,0
631,9.5,10.4,0.28,0.54,2.7,0.105,5.0,19.0,0.9988,3.25,0.63,0
284,9.8,9.9,0.59,0.07,3.4,0.102,32.0,71.0,1.00015,3.31,0.71,0
1322,11.4,9.1,0.34,0.42,1.8,0.058,9.0,18.0,0.99392,3.18,0.55,0
8,9.5,7.8,0.58,0.02,2.0,0.073,9.0,18.0,0.9968,3.36,0.57,1
1361,10.1,8.3,0.85,0.14,2.5,0.093,13.0,54.0,0.99724,3.36,0.54,0
1351,11.8,7.2,0.62,0.01,2.3,0.065,8.0,46.0,0.99332,3.32,0.51,1
1045,11.4,6.9,0.44,0.0,1.4,0.07,32.0,38.0,0.99438,3.32,0.58,1
800,9.4,7.2,0.61,0.08,4.0,0.082,26.0,108.0,0.99641,3.25,0.51,0
110,9.5,7.8,0.56,0.19,1.8,0.104,12.0,47.0,0.9964,3.19,0.93,0
201,9.3,8.8,0.37,0.48,2.1,0.097,39.0,145.0,0.9975,3.04,1.03,0
449,10.8,11.9,0.39,0.69,2.8,0.095,17.0,35.0,0.9994,3.1,0.61,1
895,10.7,7.1,0.59,0.01,2.3,0.08,27.0,43.0,0.9955,3.42,0.58,1
945,11.1,10.2,0.44,0.42,2.0,0.071,7.0,20.0,0.99566,3.14,0.79,1
822,9.8,6.7,0.54,0.13,2.0,0.076,15.0,36.0,0.9973,3.61,0.64,0
1039,11.1,8.9,0.5,0.21,2.2,0.088,21.0,39.0,0.99692,3.33,0.83,1
174,9.5,7.3,0.38,0.21,2.0,0.08,7.0,35.0,0.9961,3.33,0.47,0
99,9.0,8.1,0.545,0.18,1.9,0.08,13.0,35.0,0.9972,3.3,0.59,1
179,9.5,8.8,0.61,0.14,2.4,0.067,10.0,42.0,0.9969,3.19,0.59,0
1304,9.2,7.6,0.79,0.21,2.3,0.087,21.0,68.0,0.9955,3.12,0.44,0
1487,10.6,6.0,0.64,0.05,1.9,0.066,9.0,17.0,0.99496,3.52,0.78,0
912,12.2,10.0,0.46,0.44,2.9,0.065,4.0,8.0,0.99674,3.33,0.62,1
1554,11.0,6.6,0.855,0.02,2.4,0.062,15.0,23.0,0.99627,3.54,0.6,1
1133,11.2,7.2,0.48,0.07,5.5,0.089,10.0,18.0,0.99684,3.37,0.68,1
1219,10.9,9.0,0.39,0.4,1.3,0.044,25.0,50.0,0.99478,3.2,0.83,1
1118,13.3,7.1,0.39,0.12,2.1,0.065,14.0,24.0,0.99252,3.3,0.53,1
1494,10.0,6.4,0.31,0.09,1.4,0.066,15.0,28.0,0.99459,3.42,0.7,1
738,9.2,9.0,0.46,0.23,2.8,0.092,28.0,104.0,0.9983,3.1,0.56,0
1096,10.8,6.6,0.725,0.09,5.5,0.117,9.0,17.0,0.99655,3.35,0.49,1
1285,10.5,11.3,0.37,0.5,1.8,0.09,20.0,47.0,0.99734,3.15,0.57,0
188,9.5,7.9,0.5,0.33,2.0,0.084,15.0,143.0,0.9968,3.2,0.55,0
1408,12.4,8.1,0.29,0.36,2.2,0.048,35.0,53.0,0.995,3.27,1.01,1
550,9.5,6.8,0.51,0.01,2.1,0.074,9.0,25.0,0.9958,3.33,0.56,1
1311,12.8,6.5,0.51,0.15,3.0,0.064,12.0,27.0,0.9929,3.33,0.59,1
1014,11.2,8.0,0.58,0.16,2.0,0.12,3.0,7.0,0.99454,3.22,0.58,1
105,9.2,8.1,0.575,0.22,2.1,0.077,12.0,65.0,0.9967,3.29,0.51,0
597,10.0,11.9,0.58,0.58,1.9,0.071,5.0,18.0,0.998,3.09,0.63,1
846,9.8,6.4,0.64,0.21,1.8,0.081,14.0,31.0,0.99689,3.59,0.66,0
955,10.4,8.5,0.21,0.52,1.9,0.09,9.0,23.0,0.99648,3.36,0.67,0
1566,11.2,6.7,0.16,0.64,2.1,0.059,24.0,52.0,0.99494,3.34,0.71,1
503,10.9,10.5,0.26,0.47,1.9,0.078,6.0,24.0,0.9976,3.18,1.04,1
390,12.9,5.6,0.85,0.05,1.4,0.045,12.0,88.0,0.9924,3.56,0.82,1
525,9.9,10.4,0.64,0.24,2.8,0.105,29.0,53.0,0.9998,3.24,0.67,0
340,9.2,12.2,0.34,0.5,2.4,0.066,10.0,21.0,1.0,3.12,1.18,1
1165,9.4,8.5,0.44,0.5,1.9,0.369,15.0,38.0,0.99634,3.01,1.1,0
1218,10.6,8.2,0.4,0.31,1.9,0.082,8.0,24.0,0.996,3.24,0.69,1
646,10.1,7.3,0.67,0.05,3.6,0.107,6.0,20.0,0.9972,3.4,0.63,0
1521,9.05,6.9,0.48,0.2,1.9,0.082,9.0,23.0,0.99585,3.39,0.43,0
306,9.4,7.6,0.62,0.32,2.2,0.082,7.0,54.0,0.9966,3.36,0.52,0
576,10.0,9.9,0.5,0.24,2.3,0.103,6.0,14.0,0.9978,3.34,0.52,0
1104,12.4,8.0,0.48,0.34,2.2,0.073,16.0,25.0,0.9936,3.28,0.66,1
1417,12.1,7.3,0.34,0.33,2.5,0.064,21.0,37.0,0.9952,3.35,0.77,1
1296,9.5,6.6,0.63,0.0,4.3,0.093,51.0,77.5,0.99558,3.2,0.45,0
972,11.6,10.1,0.38,0.5,2.4,0.104,6.0,13.0,0.99643,3.22,0.65,1
1146,9.8,7.8,0.5,0.12,1.8,0.178,6.0,21.0,0.996,3.28,0.87,1
430,11.0,10.5,0.24,0.47,2.1,0.066,6.0,24.0,0.9978,3.15,0.9,1
213,10.1,8.2,0.57,0.26,2.2,0.06,28.0,65.0,0.9959,3.3,0.43,0
1225,9.4,9.2,0.46,0.23,2.6,0.091,18.0,77.0,0.99922,3.15,0.51,0
482,9.4,10.6,0.36,0.59,2.2,0.152,6.0,18.0,0.9986,3.04,1.05,0
962,9.5,6.6,0.57,0.02,2.1,0.115,6.0,16.0,0.99654,3.38,0.69,0
295,9.5,10.8,0.5,0.46,2.5,0.073,5.0,27.0,1.0001,3.05,0.64,0
126,10.9,8.2,1.33,0.0,1.7,0.081,3.0,12.0,0.9964,3.53,0.49,0
724,11.2,7.5,1.115,0.1,3.1,0.086,5.0,12.0,0.9958,3.54,0.6,0
509,11.4,13.3,0.29,0.75,2.8,0.084,23.0,43.0,0.9986,3.04,0.68,1
948,11.9,8.9,0.12,0.45,1.8,0.075,10.0,21.0,0.99552,3.41,0.76,1
1510,9.7,6.4,0.36,0.21,2.2,0.047,26.0,48.0,0.99661,3.47,0.77,1
678,10.0,8.3,0.78,0.1,2.6,0.081,45.0,87.0,0.9983,3.48,0.53,0
283,10.5,8.9,0.4,0.32,5.6,0.087,10.0,47.0,0.9991,3.38,0.77,1
587,9.3,7.3,0.73,0.24,1.9,0.108,18.0,102.0,0.9967,3.26,0.59,0
545,9.1,9.1,0.47,0.49,2.6,0.094,38.0,106.0,0.9982,3.08,0.59,0
66,9.6,7.5,0.52,0.11,1.5,0.079,11.0,39.0,0.9968,3.42,0.58,0
1061,12.5,9.1,0.4,0.5,1.8,0.071,7.0,16.0,0.99462,3.21,0.69,1
480,9.2,10.6,0.28,0.39,15.5,0.069,6.0,23.0,1.0026,3.12,0.66,0
924,11.2,8.6,0.47,0.27,2.3,0.055,14.0,28.0,0.99516,3.18,0.8,0
951,12.4,8.3,0.28,0.48,2.1,0.093,6.0,12.0,0.99408,3.26,0.62,1
931,9.8,7.4,0.61,0.01,2.0,0.074,13.0,38.0,0.99748,3.48,0.65,0
570,11.0,11.5,0.35,0.49,3.3,0.07,10.0,37.0,1.0003,3.32,0.91,1
746,9.0,8.2,0.34,0.38,2.5,0.08,12.0,57.0,0.9978,3.3,0.47,1
1558,9.5,6.9,0.63,0.33,6.7,0.235,66.0,115.0,0.99787,3.22,0.56,0
729,12.7,6.4,0.865,0.03,3.2,0.071,27.0,58.0,0.995,3.61,0.49,1
256,9.2,9.4,0.34,0.37,2.2,0.075,5.0,13.0,0.998,3.22,0.62,0
138,9.5,7.8,0.56,0.19,2.1,0.081,15.0,105.0,0.9962,3.33,0.54,0
303,9.5,7.4,0.67,0.12,1.6,0.186,5.0,21.0,0.996,3.39,0.54,0
1321,12.5,5.0,0.74,0.0,1.2,0.041,16.0,46.0,0.99258,4.01,0.59,1
218,9.7,7.5,0.49,0.19,1.9,0.076,10.0,44.0,0.9957,3.39,0.54,0
331,12.5,10.2,0.36,0.64,2.9,0.122,10.0,41.0,0.998,3.23,0.66,1
1395,9.55,8.6,0.685,0.1,1.6,0.092,3.0,12.0,0.99745,3.31,0.65,1
1555,10.55,7.0,0.56,0.17,1.7,0.065,15.0,24.0,0.99514,3.44,0.68,1
210,12.4,9.7,0.53,0.6,2.0,0.039,5.0,19.0,0.99585,3.3,0.86,1
983,10.5,9.1,0.5,0.3,1.9,0.065,8.0,17.0,0.99774,3.32,0.71,1
1126,13.5,5.8,0.29,0.26,1.7,0.063,3.0,11.0,0.9915,3.39,0.54,1
1400,9.9,7.9,0.69,0.21,2.1,0.08,33.0,141.0,0.9962,3.25,0.51,0
1538,12.0,6.2,0.64,0.09,2.5,0.081,15.0,26.0,0.99538,3.57,0.63,0
96,10.7,6.8,0.775,0.0,3.0,0.102,8.0,23.0,0.9965,3.45,0.56,0
50,9.2,8.8,0.66,0.26,1.7,0.074,4.0,23.0,0.9971,3.15,0.74,0
1080,11.8,10.3,0.27,0.56,1.4,0.047,3.0,8.0,0.99471,3.16,0.51,1
1388,10.3,6.6,0.64,0.31,6.1,0.083,7.0,49.0,0.99718,3.35,0.68,0
1024,10.5,7.7,0.58,0.01,1.8,0.088,12.0,18.0,0.99568,3.32,0.56,1
916,11.0,5.3,0.715,0.19,1.5,0.161,7.0,62.0,0.99395,3.62,0.61,0
1508,10.6,7.1,0.27,0.6,2.1,0.074,17.0,25.0,0.99814,3.38,0.72,1
206,10.8,12.8,0.3,0.74,2.6,0.095,9.0,28.0,0.9994,3.2,0.77,1
259,10.5,10.0,0.31,0.47,2.6,0.085,14.0,33.0,0.99965,3.36,0.8,1
1044,12.2,6.4,0.39,0.33,3.3,0.046,12.0,53.0,0.99294,3.36,0.62,1
563,10.1,7.6,0.29,0.49,2.7,0.092,25.0,60.0,0.9971,3.31,0.61,1
1043,10.9,9.5,0.39,0.41,8.9,0.069,18.0,39.0,0.99859,3.29,0.81,1
987,9.4,7.1,0.36,0.3,1.6,0.08,35.0,70.0,0.99693,3.44,0.5,0
1430,10.4,7.4,0.41,0.24,1.8,0.066,18.0,47.0,0.9956,3.37,0.62,0
682,9.8,8.5,0.46,0.31,2.25,0.078,32.0,58.0,0.998,3.33,0.54,0
1409,10.7,6.0,0.51,0.0,2.1,0.064,40.0,54.0,0.995,3.54,0.93,1
440,9.8,12.6,0.31,0.72,2.2,0.072,6.0,29.0,0.9987,2.88,0.82,1
471,11.4,9.6,0.54,0.42,2.4,0.081,25.0,52.0,0.997,3.2,0.71,1
1434,9.0,10.2,0.54,0.37,15.4,0.214,55.0,95.0,1.00369,3.18,0.77,1
1471,12.6,6.7,0.7,0.08,3.75,0.067,8.0,16.0,0.99334,3.43,0.52,0
824,10.3,7.1,0.48,0.28,2.8,0.068,6.0,16.0,0.99682,3.24,0.53,0
1069,10.8,8.0,0.62,0.35,2.8,0.086,28.0,52.0,0.997,3.31,0.62,0
470,10.6,13.0,0.32,0.65,2.6,0.093,15.0,47.0,0.9996,3.05,0.61,0
78,10.1,6.7,0.75,0.12,2.0,0.086,12.0,80.0,0.9958,3.38,0.52,0
325,9.2,10.0,0.49,0.2,11.0,0.071,13.0,50.0,1.0015,3.16,0.69,1
108,9.6,8.0,0.33,0.53,2.5,0.091,18.0,80.0,0.9976,3.37,0.8,1
1291,10.9,8.2,0.635,0.1,2.1,0.073,25.0,60.0,0.99638,3.29,0.75,1
863,9.7,7.2,0.62,0.06,2.5,0.078,17.0,84.0,0.99746,3.51,0.53,0
1346,11.4,6.1,0.59,0.01,2.1,0.056,5.0,13.0,0.99472,3.52,0.56,0
866,11.3,6.8,0.49,0.22,2.3,0.071,13.0,24.0,0.99438,3.41,0.83,1
1292,12.4,5.9,0.395,0.13,2.4,0.056,14.0,28.0,0.99362,3.62,0.67,1
946,12.0,10.2,0.44,0.58,4.1,0.092,11.0,24.0,0.99745,3.29,0.99,1
860,9.5,7.2,0.62,0.06,2.7,0.077,15.0,85.0,0.99746,3.51,0.54,0
959,10.0,8.0,0.59,0.05,2.0,0.089,12.0,32.0,0.99735,3.36,0.61,0
679,9.6,10.8,0.26,0.45,3.3,0.06,20.0,49.0,0.9972,3.13,0.54,0
177,10.5,7.5,0.52,0.42,2.3,0.087,8.0,38.0,0.9972,3.58,0.61,1
1298,12.2,5.7,0.6,0.0,1.4,0.063,11.0,18.0,0.99191,3.45,0.56,1
1431,9.9,7.6,0.43,0.31,2.1,0.069,13.0,74.0,0.9958,3.26,0.54,1
696,9.5,7.0,0.65,0.02,2.1,0.066,8.0,25.0,0.9972,3.47,0.67,1
1378,9.9,7.2,0.45,0.15,2.0,0.078,10.0,28.0,0.99609,3.29,0.51,1
484,13.4,10.6,0.44,0.68,4.1,0.114,6.0,24.0,0.997,3.06,0.66,1
736,9.5,7.7,0.965,0.1,2.1,0.112,11.0,22.0,0.9963,3.26,0.5,0
418,10.4,11.9,0.38,0.51,2.0,0.121,7.0,20.0,0.9996,3.24,0.76,1
1422,11.4,7.0,0.54,0.0,2.1,0.079,39.0,55.0,0.9956,3.39,0.84,1
1107,11.7,9.1,0.3,0.41,2.0,0.068,10.0,24.0,0.99523,3.27,0.85,1
362,10.0,11.9,0.58,0.66,2.5,0.072,6.0,37.0,0.9992,3.05,0.56,0
536,9.4,9.9,0.63,0.24,2.4,0.077,6.0,33.0,0.9974,3.09,0.57,0
253,9.5,7.7,0.775,0.42,1.9,0.092,8.0,86.0,0.9959,3.23,0.59,0
634,9.5,7.9,0.35,0.21,1.9,0.073,46.0,102.0,0.9964,3.27,0.58,0
209,10.5,11.0,0.3,0.58,2.1,0.054,7.0,19.0,0.998,3.31,0.88,1
930,10.5,6.6,0.61,0.01,1.9,0.08,8.0,25.0,0.99746,3.69,0.73,0
1250,10.9,7.1,0.6,0.01,2.3,0.079,24.0,37.0,0.99514,3.4,0.61,1
1084,9.5,7.2,0.38,0.3,1.8,0.073,31.0,70.0,0.99685,3.42,0.59,1
1523,10.4,6.8,0.48,0.25,2.0,0.076,29.0,61.0,0.9953,3.34,0.6,0
86,9.9,8.6,0.49,0.28,1.9,0.11,20.0,136.0,0.9972,2.93,1.95,1
478,10.2,9.6,0.68,0.24,2.2,0.087,5.0,28.0,0.9988,3.14,0.6,0
42,10.5,7.5,0.49,0.2,2.6,0.332,8.0,14.0,0.9968,3.21,0.9,1
911,10.9,9.1,0.28,0.46,9.0,0.114,3.0,9.0,0.99901,3.18,0.6,1
934,10.5,6.6,0.61,0.01,1.9,0.08,8.0,25.0,0.99746,3.69,0.73,0
1047,10.4,7.1,0.43,0.17,1.8,0.082,27.0,51.0,0.99634,3.49,0.64,0
15,9.2,8.9,0.62,0.19,3.9,0.17,51.0,148.0,0.9986,3.17,0.93,0
57,9.4,7.5,0.63,0.12,5.1,0.111,50.0,110.0,0.9983,3.26,0.77,0
35,9.6,7.8,0.645,0.0,5.5,0.086,5.0,18.0,0.9986,3.4,0.55,1
1472,11.1,7.6,0.35,0.6,2.6,0.073,23.0,44.0,0.99656,3.38,0.79,1
518,11.7,10.9,0.21,0.49,2.8,0.088,11.0,32.0,0.9972,3.22,0.68,1
458,11.2,10.4,0.33,0.63,2.8,0.084,5.0,22.0,0.9998,3.26,0.74,1
1499,11.5,6.9,0.74,0.03,2.3,0.054,7.0,16.0,0.99508,3.45,0.63,1
703,9.6,7.5,0.38,0.48,2.6,0.073,22.0,84.0,0.9972,3.32,0.7,0
522,9.8,8.2,0.39,0.49,2.3,0.099,47.0,133.0,0.9979,3.38,0.99,0
602,9.3,7.7,0.835,0.0,2.6,0.081,6.0,14.0,0.9975,3.3,0.52,0
664,10.2,12.1,0.4,0.52,2.0,0.092,15.0,54.0,1.0,3.03,0.66,0
1240,9.3,7.5,0.61,0.2,1.7,0.076,36.0,60.0,0.99494,3.1,0.4,0
847,9.9,7.4,0.68,0.16,1.8,0.078,12.0,39.0,0.9977,3.5,0.7,1
344,10.7,11.9,0.57,0.5,2.6,0.082,6.0,32.0,1.0006,3.12,0.78,1
1495,10.6,7.0,0.43,0.02,1.9,0.08,15.0,28.0,0.99492,3.35,0.81,1
1549,11.4,7.4,0.36,0.3,1.8,0.074,17.0,24.0,0.99419,3.24,0.7,1
739,9.3,9.0,0.69,0.0,2.4,0.088,19.0,38.0,0.999,3.35,0.6,0
1456,10.55,6.0,0.54,0.06,1.8,0.05,38.0,89.0,0.99236,3.3,0.5,1
363,10.2,12.5,0.46,0.63,2.0,0.071,6.0,15.0,0.9988,2.99,0.87,0
1527,10.8,7.1,0.53,0.07,1.7,0.071,15.0,24.0,0.9951,3.29,0.66,1
148,10.2,6.9,0.49,0.1,2.3,0.074,12.0,30.0,0.9959,3.42,0.58,1
526,11.0,7.3,0.365,0.49,2.5,0.088,39.0,106.0,0.9966,3.36,0.78,0
1435,9.0,10.2,0.54,0.37,15.4,0.214,55.0,95.0,1.00369,3.18,0.77,1
1114,13.6,5.0,0.4,0.5,4.3,0.046,29.0,80.0,0.9902,3.49,0.66,1
564,12.7,13.0,0.47,0.49,4.3,0.085,6.0,47.0,1.0021,3.3,0.68,1
915,11.9,8.6,0.315,0.4,2.2,0.079,3.0,6.0,0.99512,3.27,0.67,1
1074,9.2,7.5,0.77,0.2,8.1,0.098,30.0,92.0,0.99892,3.2,0.58,0
1117,11.3,7.0,0.69,0.07,2.5,0.091,15.0,21.0,0.99572,3.38,0.6,1
79,9.1,8.3,0.625,0.2,1.5,0.08,27.0,119.0,0.9972,3.16,1.12,0
1522,10.6,6.1,0.32,0.25,2.3,0.071,23.0,58.0,0.99633,3.42,0.97,0
332,9.4,8.0,0.58,0.28,3.2,0.066,21.0,114.0,0.9973,3.22,0.54,1
1299,10.9,7.6,1.58,0.0,2.1,0.137,5.0,9.0,0.99476,3.5,0.4,0
417,10.5,7.0,0.58,0.12,1.9,0.091,34.0,124.0,0.9956,3.44,0.48,0
883,9.5,7.2,0.6,0.04,2.5,0.076,18.0,88.0,0.99745,3.53,0.55,0
766,9.4,8.8,0.59,0.18,2.9,0.089,12.0,74.0,0.99738,3.14,0.54,0
1445,9.6,7.4,0.785,0.19,5.2,0.094,19.0,98.0,0.99713,3.16,0.52,1
399,9.4,8.7,0.765,0.22,2.3,0.064,9.0,42.0,0.9963,3.1,0.55,0
506,10.8,10.4,0.24,0.46,1.8,0.075,6.0,21.0,0.9976,3.25,1.02,1
7,10.0,7.3,0.65,0.0,1.2,0.065,15.0,21.0,0.9946,3.39,0.47,1
1467,11.0,6.7,1.04,0.08,2.3,0.067,19.0,32.0,0.99648,3.52,0.57,0
598,9.8,8.5,0.585,0.18,2.1,0.078,5.0,30.0,0.9967,3.2,0.48,1
19,9.2,7.9,0.32,0.51,1.8,0.341,17.0,56.0,0.9969,3.04,1.08,1
969,10.2,6.7,0.56,0.09,2.9,0.079,7.0,22.0,0.99669,3.46,0.61,0
1027,11.6,6.4,0.795,0.0,2.2,0.065,28.0,52.0,0.99378,3.49,0.52,0
1306,10.1,9.7,0.69,0.32,2.5,0.088,22.0,91.0,0.9979,3.29,0.62,0
830,10.9,7.5,0.685,0.07,2.5,0.058,5.0,9.0,0.99632,3.38,0.55,0
273,9.4,8.4,0.715,0.2,2.4,0.076,10.0,38.0,0.99735,3.31,0.64,0
1563,10.1,7.2,0.695,0.13,2.0,0.076,12.0,20.0,0.99546,3.29,0.54,0
1582,11.9,6.1,0.715,0.1,2.6,0.053,13.0,27.0,0.99362,3.57,0.5,0
1234,12.8,7.1,0.75,0.01,2.2,0.059,11.0,18.0,0.99242,3.39,0.4,1
920,10.5,9.6,0.41,0.37,2.3,0.091,10.0,23.0,0.99786,3.24,0.56,0
1130,10.4,9.1,0.6,0.0,1.9,0.058,5.0,10.0,0.9977,3.18,0.63,1
917,10.1,6.8,0.41,0.31,8.8,0.084,26.0,45.0,0.99824,3.38,0.64,1
377,12.0,9.4,0.27,0.53,2.4,0.074,6.0,18.0,0.9962,3.2,1.13,1
464,9.2,11.5,0.315,0.54,2.1,0.084,5.0,15.0,0.9987,2.98,0.7,1
1180,11.0,8.2,0.35,0.33,2.4,0.076,11.0,47.0,0.99599,3.27,0.81,1
1560,9.9,7.8,0.6,0.26,2.0,0.08,31.0,131.0,0.99622,3.21,0.52,0
515,9.3,8.5,0.655,0.49,6.1,0.122,34.0,151.0,1.001,3.31,1.14,0
881,11.4,7.6,0.715,0.0,2.1,0.068,30.0,35.0,0.99533,3.48,0.65,1
1381,9.6,6.8,0.83,0.09,1.8,0.074,4.0,25.0,0.99534,3.38,0.45,0
208,9.4,7.8,0.44,0.28,2.7,0.1,18.0,95.0,0.9966,3.22,0.67,0
539,11.2,11.2,0.5,0.74,5.15,0.1,5.0,17.0,0.9996,3.22,0.62,0
640,9.4,9.9,0.54,0.45,2.3,0.071,16.0,40.0,0.9991,3.39,0.62,0
358,10.4,11.9,0.43,0.66,3.1,0.109,10.0,23.0,1.0,3.15,0.85,1
119,9.2,7.0,0.69,0.08,1.8,0.097,22.0,89.0,0.9959,3.34,0.54,1
1092,11.5,7.0,0.54,0.09,2.0,0.081,10.0,16.0,0.99479,3.43,0.59,1
1042,11.1,8.9,0.5,0.21,2.2,0.088,21.0,39.0,0.99692,3.33,0.83,1
77,10.7,6.8,0.785,0.0,2.4,0.104,14.0,30.0,0.9966,3.52,0.55,1
1385,9.2,8.0,0.81,0.25,3.4,0.076,34.0,85.0,0.99668,3.19,0.42,0
1506,10.8,6.8,0.81,0.05,2.0,0.07,6.0,14.0,0.99562,3.51,0.66,1
529,9.4,9.9,0.63,0.24,2.4,0.077,6.0,33.0,0.9974,3.09,0.57,0
591,11.5,6.6,0.39,0.49,1.7,0.07,23.0,149.0,0.9922,3.12,0.5,1
290,10.6,8.7,0.52,0.09,2.5,0.091,20.0,49.0,0.9976,3.34,0.86,1
88,9.5,9.3,0.39,0.44,2.1,0.107,34.0,125.0,0.9978,3.14,1.22,0
1072,9.5,7.2,0.35,0.26,1.8,0.083,33.0,75.0,0.9968,3.4,0.58,1
899,11.0,8.3,1.02,0.02,3.4,0.084,6.0,11.0,0.99892,3.48,0.49,0
1103,12.0,7.4,0.49,0.27,2.1,0.071,14.0,25.0,0.99388,3.35,0.63,1
504,10.8,10.5,0.24,0.42,1.8,0.077,6.0,22.0,0.9976,3.21,1.05,1
1068,10.9,11.1,0.31,0.53,2.2,0.06,3.0,10.0,0.99572,3.02,0.83,1
1591,11.6,5.4,0.74,0.09,1.7,0.089,16.0,26.0,0.99402,3.67,0.56,1
137,9.2,7.2,0.415,0.36,2.0,0.081,13.0,45.0,0.9972,3.48,0.64,0
1462,10.4,6.8,0.64,0.03,2.3,0.075,14.0,31.0,0.99545,3.36,0.58,1
720,9.6,8.4,0.56,0.04,2.0,0.082,10.0,22.0,0.9976,3.22,0.44,0
1539,9.9,7.2,0.39,0.32,1.8,0.065,34.0,60.0,0.99714,3.46,0.78,0
719,9.5,7.1,0.66,0.0,3.9,0.086,17.0,45.0,0.9976,3.46,0.54,0
223,10.0,8.6,0.645,0.25,2.0,0.083,8.0,28.0,0.99815,3.28,0.6,1
745,9.5,7.3,0.51,0.18,2.1,0.07,12.0,28.0,0.99768,3.52,0.73,1
952,11.2,8.2,0.31,0.4,2.2,0.058,6.0,10.0,0.99536,3.31,0.68,1
1009,10.9,9.6,0.5,0.36,2.8,0.116,26.0,55.0,0.99722,3.18,0.68,0
44,9.5,6.8,0.67,0.02,1.8,0.05,5.0,11.0,0.9962,3.48,0.52,0
178,9.6,7.0,0.805,0.0,2.5,0.068,7.0,20.0,0.9969,3.48,0.56,0
236,9.0,7.2,0.63,0.0,1.9,0.097,14.0,38.0,0.99675,3.37,0.58,1
419,9.9,6.8,0.77,0.0,1.8,0.066,34.0,52.0,0.9976,3.62,0.68,0
735,9.5,7.7,0.965,0.1,2.1,0.112,11.0,22.0,0.9963,3.26,0.5,0
957,11.1,9.5,0.37,0.52,2.0,0.088,12.0,51.0,0.99613,3.29,0.58,1
47,9.5,8.7,0.29,0.52,1.6,0.113,12.0,37.0,0.9969,3.25,0.58,0
567,9.0,8.7,0.7,0.24,2.5,0.226,5.0,15.0,0.9991,3.32,0.6,1
133,9.8,6.6,0.5,0.01,1.5,0.06,17.0,26.0,0.9952,3.4,0.58,1
549,9.4,9.0,0.53,0.49,1.9,0.171,6.0,25.0,0.9975,3.27,0.61,1
262,10.0,8.0,0.52,0.03,1.7,0.07,10.0,35.0,0.99575,3.34,0.57,0
269,10.1,11.5,0.18,0.51,4.0,0.104,4.0,23.0,0.9996,3.28,0.97,1
1384,9.5,7.1,0.755,0.15,1.8,0.107,20.0,84.0,0.99593,3.19,0.5,0
554,11.1,15.5,0.645,0.49,4.2,0.095,10.0,23.0,1.00315,2.92,0.74,0
1275,9.5,8.0,0.715,0.22,2.3,0.075,13.0,81.0,0.99688,3.24,0.54,1
193,9.7,7.6,0.55,0.21,2.2,0.071,7.0,28.0,0.9964,3.28,0.55,0
11,10.5,7.5,0.5,0.36,6.1,0.071,17.0,102.0,0.9978,3.35,0.8,0
811,10.9,12.9,0.5,0.55,2.8,0.072,7.0,24.0,1.00012,3.09,0.68,1
1593,9.5,6.8,0.62,0.08,1.9,0.068,28.0,38.0,0.99651,3.42,0.82,1
531,10.3,11.9,0.38,0.49,2.7,0.098,12.0,42.0,1.0004,3.16,0.61,0
1105,12.8,6.3,0.57,0.28,2.1,0.048,13.0,49.0,0.99374,3.41,0.6,0
1134,11.8,8.5,0.28,0.35,1.7,0.061,6.0,15.0,0.99524,3.3,0.74,1
826,11.0,7.5,0.27,0.34,2.3,0.05,4.0,8.0,0.9951,3.4,0.64,1
1454,10.9,11.7,0.45,0.63,2.2,0.073,7.0,23.0,0.99974,3.21,0.69,1
975,9.4,7.2,0.41,0.3,2.1,0.083,35.0,72.0,0.997,3.44,0.52,0
1590,11.6,6.3,0.55,0.15,1.8,0.077,26.0,35.0,0.99314,3.32,0.82,1
408,11.3,10.4,0.34,0.58,3.7,0.174,6.0,16.0,0.997,3.19,0.7,1
1542,10.75,6.7,0.855,0.02,1.9,0.064,29.0,38.0,0.99472,3.3,0.56,1
1004,10.3,8.2,0.43,0.29,1.6,0.081,27.0,45.0,0.99603,3.25,0.54,0
740,11.5,8.3,0.76,0.29,4.2,0.075,12.0,16.0,0.9965,3.45,0.68,1
654,9.5,8.6,0.47,0.47,2.4,0.074,7.0,29.0,0.9979,3.08,0.46,0
3,9.8,11.2,0.28,0.56,1.9,0.075,17.0,60.0,0.998,3.16,0.58,1
277,10.1,11.5,0.18,0.51,4.0,0.104,4.0,23.0,0.9996,3.28,0.97,1
36,10.8,7.8,0.6,0.14,2.4,0.086,3.0,15.0,0.9975,3.42,0.6,1
844,10.6,9.9,0.25,0.46,1.7,0.062,26.0,42.0,0.9959,3.18,0.83,1
774,9.5,7.9,0.4,0.3,1.8,0.157,2.0,45.0,0.99727,3.31,0.91,1
818,9.4,7.1,0.715,0.0,2.35,0.071,21.0,47.0,0.99632,3.29,0.45,0
669,9.2,11.3,0.34,0.45,2.0,0.082,6.0,15.0,0.9988,2.94,0.66,1
1001,10.6,9.9,0.35,0.38,1.5,0.058,31.0,47.0,0.99676,3.26,0.82,1
1592,11.0,6.3,0.51,0.13,2.3,0.076,29.0,40.0,0.99574,3.42,0.75,1
1244,10.3,5.9,0.29,0.25,13.4,0.067,72.0,160.0,0.99721,3.33,0.54,1
893,9.7,7.2,0.66,0.03,2.3,0.078,16.0,86.0,0.99743,3.53,0.57,0
553,11.5,5.0,1.04,0.24,1.6,0.05,32.0,96.0,0.9934,3.74,0.62,0
211,10.0,8.0,0.725,0.24,2.8,0.083,10.0,62.0,0.99685,3.35,0.56,1
1128,10.0,10.0,0.43,0.33,2.7,0.095,28.0,89.0,0.9984,3.22,0.68,0
32,9.8,8.3,0.655,0.12,2.3,0.083,15.0,113.0,0.9966,3.17,0.66,0
725,10.4,9.0,0.66,0.17,3.0,0.077,5.0,13.0,0.9976,3.29,0.55,0
372,10.6,9.1,0.28,0.48,1.8,0.067,26.0,46.0,0.9967,3.32,1.04,1
1536,10.3,6.1,0.53,0.08,1.9,0.077,24.0,45.0,0.99528,3.6,0.68,1
321,9.7,9.3,0.61,0.26,3.4,0.09,25.0,87.0,0.99975,3.24,0.62,0
257,9.2,6.6,0.695,0.0,2.1,0.075,12.0,56.0,0.9968,3.49,0.67,0
1162,11.8,8.5,0.32,0.42,2.3,0.075,12.0,19.0,0.99434,3.14,0.71,1
1465,9.7,6.8,0.59,0.1,1.7,0.063,34.0,53.0,0.9958,3.41,0.67,0
154,10.5,7.1,0.43,0.42,5.5,0.07,29.0,129.0,0.9973,3.42,0.72,0
642,9.4,9.9,0.54,0.45,2.3,0.071,16.0,40.0,0.9991,3.39,0.62,0
220,9.4,7.8,0.34,0.37,2.0,0.082,24.0,58.0,0.9964,3.34,0.59,1
1284,10.9,7.0,0.42,0.19,2.3,0.071,18.0,36.0,0.99476,3.39,0.56,0
709,10.0,9.7,0.31,0.47,1.6,0.062,13.0,33.0,0.9983,3.27,0.66,1
474,9.4,10.5,0.28,0.51,1.7,0.08,10.0,24.0,0.9982,3.2,0.89,1
1277,9.7,7.0,0.69,0.0,1.9,0.114,3.0,10.0,0.99636,3.35,0.6,1
633,11.3,10.1,0.935,0.22,3.4,0.105,11.0,86.0,1.001,3.43,0.64,0
26,9.5,7.6,0.41,0.24,1.8,0.08,4.0,11.0,0.9962,3.28,0.59,0
404,9.1,7.7,0.69,0.05,2.7,0.075,15.0,27.0,0.9974,3.26,0.61,0
788,10.1,10.0,0.56,0.24,2.2,0.079,19.0,58.0,0.9991,3.18,0.56,1
620,9.4,8.3,0.54,0.24,3.4,0.076,16.0,112.0,0.9976,3.27,0.61,0
109,9.3,8.1,0.785,0.52,2.0,0.122,37.0,153.0,0.9969,3.21,0.69,0
999,12.9,6.4,0.69,0.0,1.65,0.055,7.0,12.0,0.99162,3.47,0.53,1
488,10.8,11.6,0.32,0.55,2.8,0.081,35.0,67.0,1.0002,3.32,0.92,1
496,9.0,7.8,0.52,0.25,1.9,0.081,14.0,38.0,0.9984,3.43,0.65,1
913,12.2,9.4,0.395,0.46,4.6,0.094,3.0,10.0,0.99639,3.27,0.64,1
229,11.0,6.9,0.52,0.25,2.6,0.081,10.0,37.0,0.99685,3.46,0.5,0
144,14.0,5.2,0.34,0.0,1.8,0.05,27.0,63.0,0.9916,3.68,0.79,1
415,9.3,8.6,0.725,0.24,6.6,0.117,31.0,134.0,1.0014,3.32,1.07,0
135,9.6,8.4,0.745,0.11,1.9,0.09,16.0,63.0,0.9965,3.19,0.82,0
48,9.2,6.4,0.4,0.23,1.6,0.066,5.0,12.0,0.9958,3.34,0.56,0
995,10.1,7.7,0.6,0.06,2.0,0.079,19.0,41.0,0.99697,3.39,0.62,1
819,9.6,9.1,0.66,0.15,3.2,0.097,9.0,59.0,0.99976,3.28,0.54,0
1363,9.8,8.0,0.83,0.27,2.0,0.08,11.0,63.0,0.99652,3.29,0.48,0
1442,9.8,6.9,0.63,0.02,1.9,0.078,18.0,30.0,0.99712,3.4,0.75,0
1535,9.7,7.0,0.55,0.13,2.2,0.075,15.0,35.0,0.9959,3.36,0.59,1
421,12.3,6.6,0.84,0.03,2.3,0.059,32.0,48.0,0.9952,3.52,0.56,1
1116,11.3,7.0,0.69,0.07,2.5,0.091,15.0,21.0,0.99572,3.38,0.6,1
61,9.3,7.7,0.69,0.49,1.8,0.115,20.0,112.0,0.9968,3.21,0.71,0
611,9.4,13.2,0.38,0.55,2.7,0.081,5.0,16.0,1.0006,2.98,0.54,0
775,10.0,7.2,1.0,0.0,3.0,0.102,7.0,16.0,0.99586,3.43,0.46,0
1235,11.5,6.0,0.33,0.32,12.9,0.054,6.0,113.0,0.99572,3.3,0.56,0
641,9.5,9.5,0.59,0.44,2.3,0.071,21.0,68.0,0.9992,3.46,0.63,0
989,10.9,9.7,0.295,0.4,1.5,0.073,14.0,21.0,0.99556,3.14,0.51,1
707,10.5,7.4,0.49,0.19,3.0,0.077,16.0,37.0,0.9966,3.37,0.51,0
216,11.0,8.7,0.625,0.16,2.0,0.101,13.0,49.0,0.9962,3.14,0.57,0
101,10.4,7.8,0.5,0.3,1.9,0.075,8.0,22.0,0.9959,3.31,0.56,1
1052,12.9,5.6,0.605,0.05,2.4,0.073,19.0,25.0,0.99258,3.56,0.55,0
580,9.6,12.3,0.5,0.49,2.2,0.089,5.0,14.0,1.0002,3.19,0.44,0
205,10.8,12.8,0.3,0.74,2.6,0.095,9.0,28.0,0.9994,3.2,0.77,1
935,11.8,8.8,0.3,0.38,2.3,0.06,19.0,72.0,0.99543,3.39,0.72,1
250,10.0,10.8,0.32,0.44,1.6,0.063,16.0,37.0,0.9985,3.22,0.78,1
1367,10.5,6.9,0.54,0.3,2.2,0.088,9.0,105.0,0.99725,3.25,1.18,1
37,9.7,8.1,0.38,0.28,2.1,0.066,13.0,30.0,0.9968,3.23,0.73,1
757,9.8,8.1,0.87,0.0,2.2,0.084,10.0,31.0,0.99656,3.25,0.5,0
755,10.7,7.8,0.91,0.07,1.9,0.058,22.0,47.0,0.99525,3.51,0.43,1
904,10.8,6.8,0.59,0.06,6.0,0.06,11.0,18.0,0.9962,3.41,0.59,1
75,10.5,8.8,0.41,0.64,2.2,0.093,9.0,42.0,0.9986,3.54,0.66,0
71,9.5,7.7,0.67,0.23,2.1,0.088,17.0,96.0,0.9962,3.32,0.48,0
318,11.5,9.8,0.66,0.39,3.2,0.083,21.0,59.0,0.9989,3.37,0.71,1
685,11.3,8.1,0.78,0.23,2.6,0.059,5.0,15.0,0.997,3.37,0.56,0
1492,11.95,6.2,0.65,0.06,1.6,0.05,6.0,18.0,0.99348,3.57,0.54,0
315,11.0,7.1,0.35,0.29,2.5,0.096,20.0,53.0,0.9962,3.42,0.65,1
559,12.7,13.0,0.47,0.49,4.3,0.085,6.0,47.0,1.0021,3.3,0.68,1
906,11.0,7.2,0.54,0.27,2.6,0.084,12.0,78.0,0.9964,3.39,0.71,0
384,9.2,7.7,0.51,0.28,2.1,0.087,23.0,54.0,0.998,3.42,0.74,0
943,9.7,9.8,0.5,0.34,2.3,0.094,10.0,45.0,0.99864,3.24,0.6,1
1584,11.6,6.7,0.32,0.44,2.4,0.061,24.0,34.0,0.99484,3.29,0.8,1
695,12.8,5.1,0.47,0.02,1.3,0.034,18.0,44.0,0.9921,3.9,0.62,1
794,12.5,10.1,0.27,0.54,2.3,0.065,7.0,26.0,0.99531,3.17,0.53,1
565,11.4,12.7,0.6,0.49,2.8,0.075,5.0,19.0,0.9994,3.14,0.57,0
184,9.3,6.7,0.62,0.21,1.9,0.079,8.0,62.0,0.997,3.52,0.58,1
320,11.5,9.8,0.66,0.39,3.2,0.083,21.0,59.0,0.9989,3.37,0.71,1
214,9.8,7.8,0.735,0.08,2.4,0.092,10.0,41.0,0.9974,3.24,0.71,1
712,9.4,8.7,0.69,0.0,3.2,0.084,13.0,33.0,0.9992,3.36,0.45,0
1188,10.9,6.7,0.64,0.23,2.1,0.08,11.0,119.0,0.99538,3.36,0.7,0
121,10.9,8.8,0.55,0.04,2.2,0.119,14.0,56.0,0.9962,3.21,0.6,1
1348,9.5,7.2,0.655,0.03,1.8,0.078,7.0,12.0,0.99587,3.34,0.39,0
1150,12.8,8.2,0.33,0.32,2.8,0.067,4.0,12.0,0.99473,3.3,0.76,1
1432,11.7,5.9,0.44,0.0,1.6,0.042,3.0,11.0,0.9944,3.48,0.85,1
245,9.9,7.3,0.66,0.0,2.0,0.084,6.0,23.0,0.9983,3.61,0.96,1
1253,9.5,7.9,0.66,0.0,1.4,0.096,6.0,13.0,0.99569,3.43,0.58,0
747,9.4,8.6,0.33,0.4,2.6,0.083,16.0,68.0,0.99782,3.3,0.48,0
387,9.6,8.3,0.66,0.15,1.9,0.079,17.0,42.0,0.9972,3.31,0.54,1
557,11.1,15.6,0.645,0.49,4.2,0.095,10.0,23.0,1.00315,2.92,0.74,0
190,9.4,8.2,0.5,0.35,2.9,0.077,21.0,127.0,0.9976,3.23,0.62,0
1307,11.1,6.8,0.68,0.09,3.9,0.068,15.0,29.0,0.99524,3.41,0.52,0
219,9.5,7.8,0.53,0.33,2.4,0.08,24.0,144.0,0.99655,3.3,0.6,0
1421,9.4,7.5,0.4,0.18,1.6,0.079,24.0,58.0,0.9965,3.34,0.58,0
1547,12.1,6.3,0.6,0.1,1.6,0.048,12.0,26.0,0.99306,3.55,0.51,0
1142,11.4,6.9,0.45,0.11,2.4,0.043,6.0,12.0,0.99354,3.3,0.65,1
1418,9.8,7.8,0.53,0.01,1.6,0.077,3.0,19.0,0.995,3.16,0.46,0
1160,11.1,10.6,0.36,0.57,2.3,0.087,6.0,20.0,0.99676,3.14,0.72,1
1184,10.9,6.7,0.64,0.23,2.1,0.08,11.0,119.0,0.99538,3.36,0.7,0
297,9.6,7.1,0.63,0.06,2.0,0.083,8.0,29.0,0.99855,3.67,0.73,0
577,9.5,8.8,0.44,0.49,2.8,0.083,18.0,111.0,0.9982,3.3,0.6,0
938,12.9,7.2,0.38,0.38,2.8,0.068,23.0,42.0,0.99356,3.34,0.72,1
1520,10.3,6.5,0.53,0.06,2.0,0.063,29.0,44.0,0.99489,3.38,0.83,1
359,9.8,12.6,0.38,0.66,2.6,0.088,10.0,41.0,1.001,3.17,0.68,1
892,9.3,10.1,0.45,0.23,1.9,0.082,10.0,18.0,0.99774,3.22,0.65,1
1258,11.3,6.8,0.64,0.0,2.7,0.123,15.0,33.0,0.99538,3.44,0.63,1
1380,10.8,7.5,0.57,0.02,2.6,0.077,11.0,35.0,0.99557,3.36,0.62,1
1066,12.5,6.6,0.52,0.08,2.4,0.07,13.0,26.0,0.99358,3.4,0.72,1
312,9.5,9.0,0.46,0.31,2.8,0.093,19.0,98.0,0.99815,3.32,0.63,1
360,9.4,8.2,0.7,0.23,2.0,0.099,14.0,81.0,0.9973,3.19,0.7,0
1327,10.6,6.7,0.46,0.24,1.7,0.077,18.0,34.0,0.9948,3.39,0.6,1
1135,11.9,8.0,0.25,0.43,1.7,0.067,22.0,50.0,0.9946,3.38,0.6,1
333,11.0,8.4,0.56,0.08,2.1,0.105,16.0,44.0,0.9958,3.13,0.52,0
1564,10.1,7.2,0.695,0.13,2.0,0.076,12.0,20.0,0.99546,3.29,0.54,0
1424,9.6,8.3,0.26,0.37,1.4,0.076,8.0,23.0,0.9974,3.26,0.7,1
671,9.5,8.2,0.73,0.21,1.7,0.074,5.0,13.0,0.9968,3.2,0.52,0
1365,9.5,7.8,0.5,0.09,2.2,0.115,10.0,42.0,0.9971,3.18,0.62,0
1334,10.0,7.2,0.835,0.0,2.0,0.166,4.0,11.0,0.99608,3.39,0.52,0
1528,10.1,7.9,0.29,0.49,2.2,0.096,21.0,59.0,0.99714,3.31,0.67,1
62,9.5,7.5,0.52,0.16,1.9,0.085,12.0,35.0,0.9968,3.38,0.62,1
558,11.7,10.9,0.53,0.49,4.6,0.118,10.0,17.0,1.0002,3.07,0.56,1
590,9.7,9.0,0.45,0.49,2.6,0.084,21.0,75.0,0.9987,3.35,0.57,0
238,9.0,7.2,0.63,0.0,1.9,0.097,14.0,38.0,0.99675,3.37,0.58,1
380,9.4,8.3,0.26,0.42,2.0,0.08,11.0,27.0,0.9974,3.21,0.8,1
979,10.4,12.2,0.45,0.49,1.4,0.075,3.0,6.0,0.9969,3.13,0.63,0
1516,10.6,6.1,0.32,0.25,2.3,0.071,23.0,58.0,0.99633,3.42,0.97,0
1231,10.8,7.8,0.815,0.01,2.6,0.074,48.0,90.0,0.99621,3.38,0.62,0
335,12.2,11.9,0.695,0.53,3.4,0.128,7.0,21.0,0.9992,3.17,0.84,1
1420,9.8,7.8,0.53,0.01,1.6,0.077,3.0,19.0,0.995,3.16,0.46,0
485,10.0,10.2,0.67,0.39,1.9,0.054,6.0,17.0,0.9976,3.17,0.47,0
1070,11.1,9.3,0.33,0.45,1.5,0.057,19.0,37.0,0.99498,3.18,0.89,1
1276,12.0,8.5,0.4,0.4,6.3,0.05,3.0,10.0,0.99566,3.28,0.56,0
1119,12.9,5.6,0.66,0.0,2.5,0.066,7.0,15.0,0.99256,3.52,0.58,0
689,9.4,8.1,0.38,0.48,1.8,0.157,5.0,17.0,0.9976,3.3,1.05,0
345,9.9,7.0,0.685,0.0,1.9,0.067,40.0,63.0,0.9979,3.6,0.81,0
1597,10.2,5.9,0.645,0.12,2.0,0.075,32.0,44.0,0.99547,3.57,0.71,0
128,10.5,8.0,0.59,0.16,1.8,0.065,3.0,16.0,0.9962,3.42,0.92,1
247,9.3,8.2,0.6,0.17,2.3,0.072,11.0,73.0,0.9963,3.2,0.45,0
495,11.0,10.7,0.35,0.53,2.6,0.07,5.0,16.0,0.9972,3.15,0.65,1
1518,10.5,7.4,0.47,0.46,2.2,0.114,7.0,20.0,0.99647,3.32,0.63,0
1123,11.2,10.7,0.4,0.37,1.9,0.081,17.0,29.0,0.99674,3.12,0.65,1
877,11.8,7.7,0.715,0.01,2.1,0.064,31.0,43.0,0.99371,3.41,0.57,1
914,11.5,7.3,0.305,0.39,1.2,0.059,7.0,11.0,0.99331,3.29,0.52,1
1203,9.4,9.9,0.74,0.19,5.8,0.111,33.0,76.0,0.99878,3.14,0.55,0
802,12.9,5.1,0.585,0.0,1.7,0.044,14.0,86.0,0.99264,3.56,0.94,1
386,9.2,7.8,0.54,0.26,2.0,0.088,23.0,48.0,0.9981,3.41,0.74,1
865,9.7,7.2,0.635,0.07,2.6,0.077,16.0,86.0,0.99748,3.51,0.54,0
637,9.4,9.5,0.885,0.27,2.3,0.084,31.0,145.0,0.9978,3.24,0.53,0
1286,12.4,7.1,0.16,0.44,2.5,0.068,17.0,31.0,0.99328,3.35,0.54,1
309,9.5,7.4,0.29,0.38,1.7,0.062,9.0,30.0,0.9968,3.41,0.53,1
1282,10.9,7.9,0.765,0.0,2.0,0.084,9.0,22.0,0.99619,3.33,0.68,1
859,11.2,6.8,0.56,0.22,1.8,0.074,15.0,24.0,0.99438,3.4,0.82,1
838,11.2,10.1,0.31,0.35,1.6,0.075,9.0,28.0,0.99672,3.24,0.83,1
623,12.1,7.9,0.51,0.25,2.9,0.077,21.0,45.0,0.9974,3.49,0.96,1
393,9.1,8.4,0.665,0.61,2.0,0.112,13.0,95.0,0.997,3.16,0.54,0
494,12.1,6.5,0.39,0.23,8.3,0.051,28.0,91.0,0.9952,3.44,0.55,1
723,9.5,7.1,0.31,0.3,2.2,0.053,36.0,127.0,0.9965,2.94,1.62,0
388,9.2,7.8,0.46,0.26,1.9,0.088,23.0,53.0,0.9981,3.43,0.74,1
114,9.5,7.8,0.56,0.19,1.8,0.104,12.0,47.0,0.9964,3.19,0.93,0
39,10.5,7.3,0.45,0.36,5.9,0.074,12.0,87.0,0.9978,3.33,0.83,0
54,10.2,7.6,0.51,0.15,2.8,0.11,33.0,73.0,0.9955,3.17,0.63,1
857,11.3,8.2,0.26,0.34,2.5,0.073,16.0,47.0,0.99594,3.4,0.78,1
162,10.0,7.8,0.53,0.04,1.7,0.076,17.0,31.0,0.9964,3.33,0.56,1
27,9.5,7.9,0.43,0.21,1.6,0.106,10.0,37.0,0.9966,3.17,0.91,0
1196,9.5,7.9,0.58,0.23,2.3,0.076,23.0,94.0,0.99686,3.21,0.58,1
302,10.0,8.3,0.705,0.12,2.6,0.092,12.0,28.0,0.9994,3.51,0.72,0
785,9.5,9.9,0.35,0.41,2.3,0.083,11.0,61.0,0.9982,3.21,0.5,0
1464,9.7,6.8,0.59,0.1,1.7,0.063,34.0,53.0,0.9958,3.41,0.67,0
1060,9.9,11.6,0.23,0.57,1.8,0.074,3.0,8.0,0.9981,3.14,0.7,1
953,12.1,10.2,0.34,0.48,2.1,0.052,5.0,9.0,0.99458,3.2,0.69,1
1239,11.8,6.5,0.67,0.0,4.3,0.057,11.0,20.0,0.99488,3.45,0.56,0
475,10.2,9.6,0.68,0.24,2.2,0.087,5.0,28.0,0.9988,3.14,0.6,0
1159,10.8,10.2,0.41,0.43,2.2,0.11,11.0,37.0,0.99728,3.16,0.67,0
668,11.0,10.0,0.73,0.43,2.3,0.059,15.0,31.0,0.9966,3.15,0.57,0
843,9.4,7.1,0.685,0.35,2.0,0.088,9.0,92.0,0.9963,3.28,0.62,0
1005,12.8,6.8,0.36,0.32,1.8,0.067,4.0,8.0,0.9928,3.36,0.55,1
1355,10.1,6.1,0.32,0.25,1.8,0.086,5.0,32.0,0.99464,3.36,0.44,0
1391,11.0,8.0,0.64,0.22,2.4,0.094,5.0,33.0,0.99612,3.37,0.58,0
718,9.6,8.4,0.56,0.04,2.0,0.082,10.0,22.0,0.9976,3.22,0.44,0
92,9.8,8.6,0.49,0.29,2.0,0.11,19.0,133.0,0.9972,2.93,1.98,0
721,9.2,8.9,0.48,0.24,2.85,0.094,35.0,106.0,0.9982,3.1,0.53,0
1017,12.7,8.0,0.18,0.37,0.9,0.049,36.0,109.0,0.99007,2.89,0.44,1
1192,12.4,7.2,0.25,0.37,2.5,0.063,11.0,41.0,0.99439,3.52,0.8,1
1124,11.5,6.5,0.58,0.0,2.2,0.096,3.0,13.0,0.99557,3.62,0.62,0
614,10.2,9.2,0.755,0.18,2.2,0.148,10.0,103.0,0.9969,2.87,1.36,1
693,9.4,9.0,0.48,0.32,2.8,0.084,21.0,122.0,0.9984,3.32,0.62,0
468,9.2,11.4,0.36,0.69,2.1,0.09,6.0,21.0,1.0,3.17,0.62,1
1015,11.4,10.5,0.39,0.46,2.2,0.075,14.0,27.0,0.99598,3.06,0.84,1
1230,11.8,7.7,0.18,0.34,2.7,0.066,15.0,58.0,0.9947,3.37,0.78,1
217,9.1,8.1,0.725,0.22,2.2,0.072,11.0,41.0,0.9967,3.36,0.55,0
164,9.4,7.3,0.59,0.26,7.2,0.07,35.0,121.0,0.9981,3.37,0.49,0
787,10.1,10.0,0.56,0.24,2.2,0.079,19.0,58.0,0.9991,3.18,0.56,1
1561,9.9,7.8,0.6,0.26,2.0,0.08,31.0,131.0,0.99622,3.21,0.52,0
433,9.5,12.3,0.39,0.63,2.3,0.091,6.0,18.0,1.0004,3.16,0.49,0
498,11.0,10.7,0.35,0.53,2.6,0.07,5.0,16.0,0.9972,3.15,0.65,1
1025,10.4,8.6,0.83,0.0,2.8,0.095,17.0,43.0,0.99822,3.33,0.6,1
31,10.6,6.9,0.685,0.0,2.5,0.105,22.0,37.0,0.9966,3.46,0.57,1
960,11.1,8.5,0.47,0.27,1.9,0.058,18.0,38.0,0.99518,3.16,0.85,1
142,14.0,5.2,0.34,0.0,1.8,0.05,27.0,63.0,0.9916,3.68,0.79,1
1369,10.4,6.6,0.61,0.0,1.6,0.069,4.0,8.0,0.99396,3.33,0.37,0
227,9.8,9.0,0.82,0.14,2.6,0.089,9.0,23.0,0.9984,3.39,0.63,0
789,9.3,8.6,0.63,0.17,2.9,0.099,21.0,119.0,0.998,3.09,0.52,0
382,9.4,8.3,0.26,0.42,2.0,0.08,11.0,27.0,0.9974,3.21,0.8,1
1416,9.6,10.0,0.32,0.59,2.2,0.077,3.0,15.0,0.9994,3.2,0.78,0
967,9.2,8.5,0.66,0.2,2.1,0.097,23.0,113.0,0.99733,3.13,0.48,0
898,12.5,8.3,0.31,0.39,2.4,0.078,17.0,43.0,0.99444,3.31,0.77,1
163,9.4,7.4,0.6,0.26,7.3,0.07,36.0,121.0,0.9982,3.37,0.49,0
1483,10.7,8.1,0.33,0.44,1.5,0.042,6.0,12.0,0.99542,3.35,0.61,0
124,9.5,7.8,0.5,0.17,1.6,0.082,21.0,102.0,0.996,3.39,0.48,0
1511,9.8,7.1,0.69,0.04,2.1,0.068,19.0,27.0,0.99712,3.44,0.67,0
1335,12.6,6.6,0.58,0.02,2.4,0.069,19.0,40.0,0.99387,3.38,0.66,1
294,9.5,13.3,0.34,0.52,3.2,0.094,17.0,53.0,1.0014,3.05,0.81,1
514,11.8,10.5,0.51,0.64,2.4,0.107,6.0,15.0,0.9973,3.09,0.66,1
1414,9.6,10.0,0.32,0.59,2.2,0.077,3.0,15.0,0.9994,3.2,0.78,0
167,9.0,7.3,0.55,0.03,1.6,0.072,17.0,42.0,0.9956,3.37,0.48,0
786,9.5,9.9,0.35,0.41,2.3,0.083,11.0,61.0,0.9982,3.21,0.5,0
1093,12.0,9.2,0.31,0.36,2.2,0.079,11.0,31.0,0.99615,3.33,0.86,1
1208,11.0,7.2,0.36,0.46,2.1,0.074,24.0,44.0,0.99534,3.4,0.85,1
885,10.5,8.9,0.75,0.14,2.5,0.086,9.0,30.0,0.99824,3.34,0.64,0
556,11.7,10.9,0.53,0.49,4.6,0.118,10.0,17.0,1.0002,3.07,0.56,1
1463,10.8,6.9,0.63,0.01,2.4,0.076,14.0,39.0,0.99522,3.34,0.53,1
115,10.5,9.4,0.4,0.31,2.2,0.09,13.0,62.0,0.9966,3.07,0.63,1
903,10.8,6.8,0.59,0.06,6.0,0.06,11.0,18.0,0.9962,3.41,0.59,1
83,9.4,7.3,0.67,0.26,1.8,0.401,16.0,51.0,0.9969,3.16,1.14,0
367,9.0,10.4,0.575,0.61,2.6,0.076,11.0,24.0,1.0,3.16,0.69,0
1008,12.0,8.9,0.35,0.4,3.6,0.11,12.0,24.0,0.99549,3.23,0.7,1
624,10.2,6.8,0.69,0.0,5.6,0.124,21.0,58.0,0.9997,3.46,0.72,0
520,10.0,9.8,0.25,0.49,2.7,0.088,15.0,33.0,0.9982,3.42,0.9,1
1493,9.7,7.7,0.54,0.26,1.9,0.089,23.0,147.0,0.99636,3.26,0.59,0
1533,9.0,8.0,0.39,0.3,1.9,0.074,32.0,84.0,0.99717,3.39,0.61,0
1583,9.8,6.2,0.46,0.29,2.1,0.074,32.0,98.0,0.99578,3.33,0.62,0
592,9.7,9.0,0.45,0.49,2.6,0.084,21.0,75.0,0.9987,3.35,0.57,0
1545,10.1,6.5,0.63,0.33,1.8,0.059,16.0,28.0,0.99531,3.36,0.64,1
55,9.5,7.7,0.62,0.04,3.8,0.084,25.0,45.0,0.9978,3.34,0.53,0
842,10.9,10.6,0.5,0.45,2.6,0.119,34.0,68.0,0.99708,3.23,0.72,1
1003,12.8,6.8,0.36,0.32,1.8,0.067,4.0,8.0,0.9928,3.36,0.55,1
1575,11.8,7.5,0.52,0.4,2.2,0.06,12.0,20.0,0.99474,3.26,0.64,1
173,11.5,7.4,0.62,0.05,1.9,0.068,24.0,42.0,0.9961,3.42,0.57,1
0,9.4,7.4,0.7,0.0,1.9,0.076,11.0,34.0,0.9978,3.51,0.56,0
1439,11.0666666666667,7.3,0.67,0.02,2.2,0.072,31.0,92.0,0.99566,3.32,0.68,1
702,9.4,7.0,0.64,0.02,2.1,0.067,9.0,23.0,0.997,3.47,0.67,1
1098,12.5,8.0,0.31,0.45,2.1,0.216,5.0,16.0,0.99358,3.15,0.81,1
1274,11.2,7.8,0.58,0.13,2.1,0.102,17.0,36.0,0.9944,3.24,0.53,1
304,9.2,8.4,0.65,0.6,2.1,0.112,12.0,90.0,0.9973,3.2,0.52,0
698,9.7,9.4,0.615,0.28,3.2,0.087,18.0,72.0,1.0001,3.31,0.53,0
742,9.2,6.5,0.615,0.0,1.9,0.065,9.0,18.0,0.9972,3.46,0.65,0
626,9.1,8.8,0.6,0.29,2.2,0.098,5.0,15.0,0.9988,3.36,0.49,0
254,9.9,7.1,0.6,0.0,1.8,0.074,16.0,34.0,0.9972,3.47,0.7,1
1383,9.9,8.0,0.6,0.22,2.1,0.08,25.0,105.0,0.99613,3.3,0.49,0
763,9.6,9.3,0.655,0.26,2.0,0.096,5.0,35.0,0.99738,3.25,0.42,0
357,11.7,10.5,0.42,0.66,2.95,0.116,12.0,29.0,0.997,3.24,0.75,1
750,9.5,8.3,0.65,0.1,2.9,0.089,17.0,40.0,0.99803,3.29,0.55,0
984,10.4,12.2,0.45,0.49,1.4,0.075,3.0,6.0,0.9969,3.13,0.63,0
1423,11.0,6.4,0.53,0.09,3.9,0.123,14.0,31.0,0.9968,3.5,0.67,0
599,9.3,12.7,0.59,0.45,2.3,0.082,11.0,22.0,1.0,3.0,0.7,1
375,11.8,11.5,0.54,0.71,4.4,0.124,6.0,15.0,0.9984,3.01,0.83,1
991,9.4,7.1,0.34,0.28,2.0,0.082,31.0,68.0,0.99694,3.45,0.48,0
87,9.6,7.7,0.49,0.26,1.9,0.062,9.0,31.0,0.9966,3.39,0.64,0
230,12.2,5.2,0.48,0.04,1.6,0.054,19.0,106.0,0.9927,3.54,0.62,1
603,9.0,13.2,0.46,0.52,2.2,0.071,12.0,35.0,1.0006,3.1,0.56,1
769,9.6,7.9,0.72,0.01,1.9,0.076,7.0,32.0,0.99668,3.39,0.54,0
574,10.0,10.6,0.34,0.49,3.2,0.078,20.0,78.0,0.9992,3.19,0.7,1
221,9.4,7.4,0.53,0.26,2.0,0.101,16.0,72.0,0.9957,3.15,0.57,0
285,9.8,9.9,0.59,0.07,3.4,0.102,32.0,71.0,1.00015,3.31,0.71,0
871,10.6,6.9,0.56,0.03,1.5,0.086,36.0,46.0,0.99522,3.53,0.57,0
457,9.6,9.2,0.63,0.21,2.7,0.097,29.0,65.0,0.9988,3.28,0.58,0
836,11.7,6.7,0.28,0.28,2.4,0.012,36.0,100.0,0.99064,3.26,0.39,1
923,10.1,6.8,0.41,0.31,8.8,0.084,26.0,45.0,0.99824,3.38,0.64,1
850,9.5,9.3,0.43,0.44,1.9,0.085,9.0,22.0,0.99708,3.28,0.55,0
1325,10.6,6.7,0.46,0.24,1.7,0.077,18.0,34.0,0.9948,3.39,0.6,1
543,11.0,11.2,0.66,0.24,2.5,0.085,16.0,53.0,0.9993,3.06,0.72,1
825,10.7,7.1,0.46,0.14,2.8,0.076,15.0,37.0,0.99624,3.36,0.49,0
1503,11.0,6.2,0.44,0.39,2.5,0.077,6.0,14.0,0.99555,3.51,0.69,1
232,9.6,8.5,0.37,0.2,2.8,0.09,18.0,58.0,0.998,3.34,0.7,1
1269,14.0,5.5,0.49,0.03,1.8,0.044,28.0,87.0,0.9908,3.5,0.82,1
244,9.2,15.0,0.21,0.44,2.2,0.075,10.0,24.0,1.00005,3.07,0.84,1
1529,10.2,7.1,0.69,0.08,2.1,0.063,42.0,52.0,0.99608,3.42,0.6,1
1585,11.5,7.2,0.39,0.44,2.6,0.066,22.0,48.0,0.99494,3.3,0.84,1
441,11.3,11.9,0.4,0.65,2.15,0.068,7.0,27.0,0.9988,3.06,0.68,1
1076,11.4,9.9,0.32,0.56,2.0,0.073,3.0,8.0,0.99534,3.15,0.73,1
601,9.0,13.2,0.46,0.52,2.2,0.071,12.0,35.0,1.0006,3.1,0.56,1
691,9.8,9.2,0.92,0.24,2.6,0.087,12.0,93.0,0.9998,3.48,0.54,0
69,10.5,8.0,0.705,0.05,1.9,0.074,8.0,19.0,0.9962,3.34,0.95,1
1525,9.7,6.7,0.48,0.08,2.1,0.064,18.0,34.0,0.99552,3.33,0.64,0
131,13.0,5.6,0.5,0.09,2.3,0.049,17.0,99.0,0.9937,3.63,0.63,0
940,12.4,9.6,0.33,0.52,2.2,0.074,13.0,25.0,0.99509,3.36,0.76,1
94,10.5,5.0,1.02,0.04,1.4,0.045,41.0,85.0,0.9938,3.75,0.48,0
425,12.3,6.6,0.84,0.03,2.3,0.059,32.0,48.0,0.9952,3.52,0.56,1
192,9.5,6.8,0.63,0.12,3.8,0.099,16.0,126.0,0.9969,3.28,0.61,0
681,10.2,8.0,0.45,0.23,2.2,0.094,16.0,29.0,0.9962,3.21,0.49,1
371,8.7,7.9,0.24,0.4,1.6,0.056,11.0,25.0,0.9967,3.32,0.87,1
1569,11.5,6.2,0.51,0.14,1.9,0.056,15.0,34.0,0.99396,3.48,0.57,1
833,9.9,11.6,0.47,0.44,1.6,0.147,36.0,51.0,0.99836,3.38,0.86,0
1153,11.1,9.6,0.42,0.35,2.1,0.083,17.0,38.0,0.99622,3.23,0.66,1
501,12.0,10.4,0.44,0.73,6.55,0.074,38.0,76.0,0.999,3.17,0.85,1
1514,9.23333333333333,6.9,0.84,0.21,4.1,0.074,16.0,65.0,0.99842,3.53,0.72,1
215,10.5,7.0,0.49,0.49,5.6,0.06,26.0,121.0,0.9974,3.34,0.76,0
2,9.8,7.8,0.76,0.04,2.3,0.092,15.0,54.0,0.997,3.26,0.65,0
1573,12.5,6.0,0.58,0.2,2.4,0.075,15.0,50.0,0.99467,3.58,0.67,1
1205,11.0,7.2,0.36,0.46,2.1,0.074,24.0,44.0,0.99534,3.4,0.85,1
1261,11.2,6.3,1.02,0.0,2.0,0.083,17.0,24.0,0.99437,3.59,0.55,0
1201,11.2,7.9,0.34,0.36,1.9,0.065,5.0,10.0,0.99419,3.27,0.54,1
507,9.5,11.2,0.67,0.55,2.3,0.084,6.0,13.0,1.0,3.17,0.71,1
1138,9.1,7.5,0.41,0.15,3.7,0.104,29.0,94.0,0.99786,3.14,0.58,0
1436,8.5,10.0,0.38,0.38,1.6,0.169,27.0,90.0,0.99914,3.15,0.65,0
1315,9.8,7.5,0.63,0.27,2.0,0.083,17.0,91.0,0.99616,3.26,0.58,1
813,11.4,6.9,0.39,0.24,2.1,0.102,4.0,7.0,0.99462,3.44,0.58,0
1175,11.5,6.5,0.61,0.0,2.2,0.095,48.0,59.0,0.99541,3.61,0.7,1
1586,11.4,7.5,0.31,0.41,2.4,0.065,34.0,60.0,0.99492,3.34,0.85,1
764,9.5,9.1,0.68,0.11,2.8,0.093,11.0,44.0,0.99888,3.31,0.55,1
922,11.8,8.4,0.62,0.12,1.8,0.072,38.0,46.0,0.99504,3.38,0.89,1
887,12.1,10.7,0.52,0.38,2.6,0.066,29.0,56.0,0.99577,3.15,0.79,1
1016,12.6,8.9,0.38,0.4,2.2,0.068,12.0,28.0,0.99486,3.27,0.75,1
490,10.6,9.3,0.775,0.27,2.8,0.078,24.0,56.0,0.9984,3.31,0.67,1
714,9.8,9.9,0.74,0.28,2.6,0.078,21.0,77.0,0.998,3.28,0.51,0
279,10.5,8.9,0.4,0.32,5.6,0.087,10.0,47.0,0.9991,3.38,0.77,1
1111,12.3,5.4,0.42,0.27,2.0,0.092,23.0,55.0,0.99471,3.78,0.64,1
1359,10.0333333333333,11.6,0.475,0.4,1.4,0.091,6.0,28.0,0.99704,3.07,0.65,1
1197,9.8,7.7,0.57,0.21,1.5,0.069,4.0,9.0,0.99458,3.16,0.54,1
231,9.9,8.0,0.38,0.06,1.8,0.078,12.0,49.0,0.99625,3.37,0.52,1
1407,10.7,6.0,0.51,0.0,2.1,0.064,40.0,54.0,0.995,3.54,0.93,1
33,9.4,6.9,0.605,0.12,10.7,0.073,40.0,83.0,0.9993,3.45,0.52,1
524,9.5,9.2,0.43,0.49,2.4,0.086,23.0,116.0,0.9976,3.23,0.64,0
310,9.3,10.3,0.53,0.48,2.5,0.063,6.0,25.0,0.9998,3.12,0.59,1
212,10.2,11.6,0.44,0.64,2.1,0.059,5.0,15.0,0.998,3.21,0.67,1
900,11.8,8.9,0.31,0.36,2.6,0.056,10.0,39.0,0.99562,3.4,0.69,0
968,12.2,9.0,0.4,0.43,2.4,0.068,29.0,46.0,0.9943,3.2,0.6,1
1379,10.8,7.5,0.57,0.02,2.6,0.077,11.0,35.0,0.99557,3.36,0.62,1
1073,10.7,8.0,0.62,0.33,2.7,0.088,16.0,37.0,0.9972,3.31,0.58,1
929,12.0,8.7,0.33,0.38,3.3,0.063,10.0,19.0,0.99468,3.3,0.73,1
1526,9.6,6.8,0.47,0.08,2.2,0.064,18.0,38.0,0.99553,3.3,0.65,1
820,9.7,7.0,0.685,0.0,1.9,0.099,9.0,22.0,0.99606,3.34,0.6,0
383,9.4,8.3,0.26,0.42,2.0,0.08,11.0,27.0,0.9974,3.21,0.8,1
1534,11.7,6.6,0.56,0.14,2.4,0.064,13.0,29.0,0.99397,3.42,0.62,1
1453,9.0,7.6,0.49,0.33,1.9,0.074,27.0,85.0,0.99706,3.41,0.58,0
168,10.4,6.8,0.63,0.07,2.1,0.089,11.0,44.0,0.9953,3.47,0.55,1
1089,9.9,11.6,0.41,0.54,1.5,0.095,22.0,41.0,0.99735,3.02,0.76,1
600,10.0,8.2,0.915,0.27,2.1,0.088,7.0,23.0,0.9962,3.26,0.47,0
645,10.1,7.8,0.64,0.1,6.0,0.115,5.0,11.0,0.9984,3.37,0.69,1
981,10.0,9.5,0.86,0.26,1.9,0.079,13.0,28.0,0.99712,3.25,0.62,0
1079,12.3,7.9,0.3,0.68,8.3,0.05,37.5,278.0,0.99316,3.01,0.51,1
891,9.7,7.2,0.66,0.03,2.3,0.078,16.0,86.0,0.99743,3.53,0.57,0
435,9.5,12.3,0.39,0.63,2.3,0.091,6.0,18.0,1.0004,3.16,0.49,0
1255,11.0,6.1,0.64,0.02,2.4,0.069,26.0,46.0,0.99358,3.47,0.45,0
596,9.3,12.4,0.4,0.51,2.0,0.059,6.0,24.0,0.9994,3.04,0.6,1
586,10.6,11.1,0.31,0.49,2.7,0.094,16.0,47.0,0.9986,3.12,1.02,1
674,9.3,10.8,0.4,0.41,2.2,0.084,7.0,17.0,0.9984,3.08,0.67,1
1340,10.5,7.5,0.51,0.02,1.7,0.084,13.0,31.0,0.99538,3.36,0.54,1
1444,11.1,7.3,0.67,0.02,2.2,0.072,31.0,92.0,0.99566,3.32,0.68,1
1194,9.5,7.0,0.745,0.12,1.8,0.114,15.0,64.0,0.99588,3.22,0.59,1
251,9.9,7.1,0.6,0.0,1.8,0.074,16.0,34.0,0.9972,3.47,0.7,1
1354,10.0,7.2,0.58,0.03,2.3,0.077,7.0,28.0,0.99568,3.35,0.52,0
351,9.4,9.1,0.795,0.0,2.6,0.096,11.0,26.0,0.9994,3.35,0.83,1
1049,10.8,9.3,0.5,0.36,1.8,0.084,6.0,17.0,0.99704,3.27,0.77,1
153,10.1,7.5,0.6,0.03,1.8,0.095,25.0,99.0,0.995,3.35,0.54,0
569,11.7,6.2,0.36,0.24,2.2,0.095,19.0,42.0,0.9946,3.57,0.57,1
1100,12.4,8.4,0.34,0.42,2.1,0.072,23.0,36.0,0.99392,3.11,0.78,1
1053,12.7,8.3,0.33,0.42,2.3,0.07,9.0,20.0,0.99426,3.38,0.77,1
888,11.2,6.8,0.57,0.0,2.5,0.072,32.0,64.0,0.99491,3.43,0.56,1
1460,10.4,6.4,0.42,0.09,2.3,0.054,34.0,64.0,0.99724,3.41,0.68,1
1088,9.9,11.6,0.41,0.54,1.5,0.095,22.0,41.0,0.99735,3.02,0.76,1
925,11.0,8.6,0.22,0.36,1.9,0.064,53.0,77.0,0.99604,3.47,0.87,1
533,12.8,10.3,0.27,0.24,2.1,0.072,15.0,33.0,0.9956,3.22,0.66,1
561,9.2,9.0,0.44,0.49,2.4,0.078,26.0,121.0,0.9978,3.23,0.58,0
809,10.3,7.6,0.48,0.31,2.8,0.07,4.0,15.0,0.99693,3.22,0.55,1
289,9.2,11.6,0.42,0.53,3.3,0.105,33.0,98.0,1.001,3.2,0.95,0
996,12.8,5.6,0.66,0.0,2.2,0.087,3.0,11.0,0.99378,3.71,0.63,1
95,12.9,4.7,0.6,0.17,2.3,0.058,17.0,106.0,0.9932,3.85,0.6,1
1161,10.2,8.8,0.45,0.43,1.4,0.076,12.0,21.0,0.99551,3.21,0.75,1
420,11.8,9.5,0.56,0.33,2.4,0.089,35.0,67.0,0.9972,3.28,0.73,1
1288,10.2,7.0,0.6,0.3,4.5,0.068,20.0,110.0,0.99914,3.3,1.17,0
200,10.3,9.6,0.32,0.47,1.4,0.056,9.0,24.0,0.99695,3.22,0.82,1
619,9.3,11.3,0.37,0.41,2.3,0.088,6.0,16.0,0.9988,3.09,0.8,0
1562,10.1,7.2,0.695,0.13,2.0,0.076,12.0,20.0,0.99546,3.29,0.54,0
1481,10.6,8.2,0.28,0.6,3.0,0.104,10.0,22.0,0.99828,3.39,0.68,0
588,14.0,5.0,0.42,0.24,2.0,0.06,19.0,50.0,0.9917,3.72,0.74,1
954,12.2,7.6,0.43,0.4,2.7,0.082,6.0,11.0,0.99538,3.44,0.54,1
1581,11.3,6.2,0.56,0.09,1.7,0.053,24.0,32.0,0.99402,3.54,0.6,0
1330,9.8,7.4,0.6,0.26,2.1,0.083,17.0,91.0,0.99616,3.29,0.56,1
265,10.2,11.8,0.26,0.52,1.8,0.071,6.0,10.0,0.9968,3.2,0.72,1
300,10.7,7.5,0.53,0.06,2.6,0.086,20.0,44.0,0.9965,3.38,0.59,1
136,9.5,8.3,0.715,0.15,1.8,0.089,10.0,52.0,0.9968,3.23,0.77,0
248,9.8,7.7,0.53,0.06,1.7,0.074,9.0,39.0,0.99615,3.35,0.48,1
1170,10.5,9.2,0.36,0.34,1.6,0.062,5.0,12.0,0.99667,3.2,0.67,1
84,10.3,6.3,0.3,0.48,1.8,0.069,18.0,61.0,0.9959,3.44,0.78,1
792,9.7,7.1,0.61,0.02,2.5,0.081,17.0,87.0,0.99745,3.48,0.6,1
1038,12.6,8.7,0.41,0.41,6.2,0.078,25.0,42.0,0.9953,3.24,0.77,1
1387,9.6,7.4,0.64,0.07,1.8,0.1,8.0,23.0,0.9961,3.3,0.58,0
1308,10.1,9.7,0.69,0.32,2.5,0.088,22.0,91.0,0.9979,3.29,0.62,0
343,9.8,10.9,0.39,0.47,1.8,0.118,6.0,14.0,0.9982,3.3,0.75,1
242,9.8,7.7,0.58,0.1,1.8,0.102,28.0,109.0,0.99565,3.08,0.49,1
438,9.9,10.4,0.41,0.55,3.2,0.076,22.0,54.0,0.9996,3.15,0.89,1
1356,10.1,6.1,0.34,0.25,1.8,0.084,4.0,28.0,0.99464,3.36,0.44,0
647,11.0,8.3,0.845,0.01,2.2,0.07,5.0,14.0,0.9967,3.32,0.58,0
1248,11.1,6.9,0.41,0.33,2.2,0.081,22.0,36.0,0.9949,3.41,0.75,1
823,9.8,6.7,0.54,0.13,2.0,0.076,15.0,36.0,0.9973,3.61,0.64,0
1054,9.1,8.2,0.64,0.27,2.0,0.095,5.0,77.0,0.99747,3.13,0.62,1
636,9.4,9.6,0.88,0.28,2.4,0.086,30.0,147.0,0.9979,3.24,0.53,0
222,9.5,6.8,0.61,0.04,1.5,0.057,5.0,10.0,0.99525,3.42,0.6,0
566,9.0,8.7,0.7,0.24,2.5,0.226,5.0,15.0,0.9991,3.32,0.6,1
293,10.1,6.9,0.36,0.25,2.4,0.098,5.0,16.0,0.9964,3.41,0.6,1
652,14.9,15.9,0.36,0.65,7.5,0.096,22.0,71.0,0.9976,2.98,0.84,0
1154,11.4,6.6,0.58,0.0,2.2,0.1,50.0,63.0,0.99544,3.59,0.68,1
716,9.4,8.0,0.43,0.36,2.3,0.075,10.0,48.0,0.9976,3.34,0.46,0
5,9.4,7.4,0.66,0.0,1.8,0.075,13.0,40.0,0.9978,3.51,0.56,0
697,9.5,7.0,0.65,0.02,2.1,0.066,8.0,25.0,0.9972,3.47,0.67,1
426,11.4,6.4,0.67,0.08,2.1,0.045,19.0,48.0,0.9949,3.49,0.49,1
258,9.4,7.7,0.41,0.76,1.8,0.611,8.0,45.0,0.9968,3.06,1.26,0
1427,11.2,7.6,0.41,0.33,2.5,0.078,6.0,23.0,0.9957,3.3,0.58,0
882,12.0,8.4,0.31,0.29,3.1,0.194,14.0,26.0,0.99536,3.22,0.78,1
1220,11.5,10.9,0.32,0.52,1.8,0.132,17.0,44.0,0.99734,3.28,0.77,1
700,10.1,10.6,1.02,0.43,2.9,0.076,26.0,88.0,0.9984,3.08,0.57,1
854,10.9,9.3,0.36,0.39,1.5,0.08,41.0,55.0,0.99652,3.47,0.73,1
1323,11.0,9.1,0.36,0.39,1.8,0.06,21.0,55.0,0.99495,3.18,0.82,1
918,11.0,8.4,0.36,0.32,2.2,0.081,32.0,79.0,0.9964,3.3,0.72,1
593,9.0,9.9,0.49,0.58,3.5,0.094,9.0,43.0,1.0004,3.29,0.58,0
1041,9.8,6.9,0.49,0.19,1.7,0.079,13.0,26.0,0.99547,3.38,0.64,1
1405,11.3,7.7,0.28,0.3,2.0,0.062,18.0,34.0,0.9952,3.28,0.9,1
